dynamism,urgency_mean,cost
0.007755815069047656,900000.0,13943.49559003885
0.39476023166327123,2700000.0,11979.264167656222
0.9917405389895173,1500000.0,11497.022382894042
0.9502074795385251,2400000.0,12043.522112741426
0.45769646656971963,1500000.0,12691.948520653128
0.807756740398567,600000.0,11456.657551332142
0.4424196653729836,2400000.0,9605.284844373724
0.054987699238877585,2700000.0,11018.609874175938
0.5502767876526823,2700000.0,12018.877000889428
0.49391694574976597,2700000.0,11935.12872823022
0.00855397019935078,300000.0,16717.99454958003
0.30283483859517624,1200000.0,10440.341038677092
0.640555601272774,0.0,14851.013603951955
0.355424640230097,1800000.0,11627.082942875253
0.10955505117193909,600000.0,13232.273297225423
0.15434462161517792,600000.0,14402.521218596246
0.9088754694106833,2100000.0,11383.674025731329
0.5416469484179266,300000.0,12538.57272013305
0.10270791214877095,1800000.0,11923.550216125377
0.1558153176306185,600000.0,14825.902551236515
0.8918017669600213,2400000.0,12137.51440306817
0.6913157239357299,600000.0,14259.115184805712
0.643627163907911,2400000.0,12196.71774289076
0.6933162101920208,600000.0,12154.314944186719
0.14711871733837512,600000.0,12969.5589719347
0.8416492752195205,300000.0,13360.332478493729
0.45595361341808427,2100000.0,15106.826609021136
0.7064838354141785,1200000.0,12237.45813789109
0.5917161293164337,2700000.0,11734.753852974896
0.791843373325005,1500000.0,12877.786352318692
0.2500334513864373,2700000.0,13399.742110996496
0.903733871508856,600000.0,12466.288201278667
0.10023097499548661,1800000.0,9837.89710339674
0.006916526058701855,2700000.0,10715.936788323741
0.2490550115854907,900000.0,13951.769114226046
0.7057680622625236,0.0,15373.700122585371
0.3073869678397628,600000.0,14030.927700582792
0.6903794641591188,2700000.0,13326.811848037218
0.34158297747385635,600000.0,13992.856159872028
0.5014595275376773,0.0,16566.980893263815
0.3535883346865072,0.0,17733.836669558907
0.009008532896984556,2400000.0,11731.823653763768
0.7436691147578114,2100000.0,11674.650530104042
0.8460822271231742,2700000.0,11411.96669562183
0.24172919288764572,1800000.0,11410.753639945971
0.546878404512645,1200000.0,10093.366912694457
0.09577691418568157,900000.0,17352.963883758257
0.10620324500030431,0.0,16150.973504435691
0.6032747632935256,2100000.0,12708.368763281813
0.09624220166295405,2100000.0,13264.067798768408
0.8487092758750557,900000.0,11999.634397377793
0.7513582028590031,2100000.0,10850.265336356786
0.600123287785288,0.0,17214.79255684205
0.643985468013091,600000.0,12933.722363311515
0.20497251553600626,1500000.0,12928.1396720139
0.20757235009742903,0.0,16323.341095414704
0.3060190398082374,2100000.0,10789.382365797184
0.006157987987230662,1800000.0,13858.856486685576
0.6431745569479257,900000.0,12301.085336489035
0.3507150656004949,600000.0,10406.301946455542
0.8066744610844262,1200000.0,11643.96794842677
0.7962535303420873,2700000.0,13114.902581166902
0.8054597559389143,1800000.0,12322.015713606927
0.09490165341574952,2100000.0,12479.431367185238
0.45710948769333604,1200000.0,12382.36047392886
0.6987545852264796,1500000.0,10254.95571929888
0.9975670201831788,2100000.0,12275.646693835844
0.8514297193386361,1800000.0,10969.648257549507
0.1988400482992959,2700000.0,11502.535093228005
0.4485877910976447,1800000.0,12853.39948492875
0.956558263043995,1200000.0,12246.860601965887
0.0924298000996765,0.0,19211.93496766551
0.9945322093078213,600000.0,13384.949741103963
0.14929109577455402,2700000.0,10072.840030185595
0.10092887574168097,2400000.0,13645.789616605753
0.9553308463553097,2100000.0,12068.374514659294
0.409570907286849,2700000.0,10074.747666810636
0.1431977772161932,1200000.0,9886.321804201078
0.5526263754064904,900000.0,12983.440430533188
0.8957579739636081,300000.0,13409.65681907324
0.3572517092182306,1200000.0,11285.949937350983
0.9004872191916855,1200000.0,12832.685843336836
0.25093569163155394,900000.0,12725.498568676965
0.3988327942174439,0.0,18213.163611401502
0.7578854857222926,2400000.0,11815.750982035162
0.0937077964002232,900000.0,11326.222884352073
0.5066418765048288,0.0,15726.464391722697
0.0063523351207659395,0.0,19639.113150263478
0.4459993032094909,2700000.0,11383.757109408612
0.7947780879069185,900000.0,12914.690721075154
0.8433380033401363,1500000.0,11494.326068809363
0.007476873385946159,300000.0,17144.39032383186
0.40543624276076873,900000.0,9700.167290690311
0.4044198279010398,1800000.0,12291.459577933512
0.6985399662354278,1800000.0,12821.182115633617
0.9995705448402689,1200000.0,11810.24407469622
0.14015391274153566,2700000.0,9537.757869761645
0.445362811707133,2100000.0,10731.558623107534
0.8984052612574978,300000.0,13534.244086684555
0.4514490625999953,2400000.0,13276.941942257383
0.04717544031606036,900000.0,12817.062748593406
0.050534188155014315,1500000.0,14820.678989121761
0.04768732675441267,300000.0,15326.780624394794
0.6995248435850427,600000.0,11487.785894586586
0.3011102519370993,2700000.0,11855.820555293474
0.6451948627268742,900000.0,14364.887597452576
0.2588252996735386,1200000.0,11666.966056966843
0.8034406193358927,0.0,16250.716346700643
0.30978787842312117,0.0,16063.840700345914
0.7971963243998461,1800000.0,11271.241013859064
0.7026144641751946,600000.0,12519.713955557183
0.09202815794118457,2700000.0,11339.368218228423
0.007493424350972222,1800000.0,9786.362336109563
0.3044034690646775,1500000.0,13592.216659322572
0.6438974662785142,1800000.0,10899.761184987394
0.6916442786168777,1200000.0,11052.56998385274
0.556621160823547,2700000.0,12459.719797323514
0.40429118569433087,1800000.0,11161.729161029183
0.45748518985064324,900000.0,13419.686835121805
0.9011779383731859,2100000.0,11997.244556076044
0.005633187048787125,300000.0,16119.482420173836
0.008857448929111222,600000.0,12355.62795426641
0.8537169938478972,1800000.0,11606.447143695337
0.8059682284658267,2700000.0,11378.908483345524
0.35694804681714165,1800000.0,13421.621315180042
0.2085187367901259,2100000.0,12788.313650846156
0.5531058172594456,1800000.0,12181.177831995687
0.34790527399485727,0.0,15705.010732710729
0.6941809065330702,1200000.0,10489.88545130446
0.3401252320889877,1200000.0,13843.709923001845
0.007326596375854533,300000.0,15511.742000387803
0.6444591038647256,2100000.0,11819.483690704203
0.9058421000365764,900000.0,12047.240632782266
0.34327118900973297,600000.0,12362.288881711469
0.9550442091626463,2100000.0,13288.369655353772
0.44381303097457137,2700000.0,13973.065084957612
0.047092216409030274,1500000.0,11727.66510915228
0.6990999365520031,2400000.0,11655.94222775727
0.640229658724083,300000.0,14615.093504465165
0.3908804550802173,2100000.0,12259.936417335171
0.6478167785966034,1500000.0,11336.808852915918
0.490804015555391,600000.0,12990.717288607844
0.5404036892228622,1500000.0,10038.463156828311
0.5427624523174928,0.0,15095.94214888542
0.9954378689791906,1800000.0,11315.357246961023
0.19974823218776772,900000.0,12561.55712065098
0.40257760943318543,2700000.0,11564.502871248278
0.6472669249591615,1200000.0,11829.894267332507
0.007313200953345755,300000.0,15877.991209595304
0.740463402730305,2400000.0,14553.899462302617
0.5931932563285359,1800000.0,10409.726423623028
0.9999377610411873,2700000.0,11642.941775629086
0.6025962715569314,1200000.0,10863.952137622446
0.1445133479273678,900000.0,15797.213492778925
0.99555131854866,2700000.0,11471.382808252845
0.5512917418533141,2400000.0,12613.386653534331
0.45698427855066925,1500000.0,10268.110600990394
0.3560189399440704,900000.0,11446.108486724059
0.4510889764357896,600000.0,11334.007753943144
0.7929982905143169,900000.0,11776.788102735902
0.19060492738758583,2700000.0,12616.30005352392
0.7991782878135679,0.0,16948.44627442998
0.9074802829012867,600000.0,11622.795134804273
0.1537516271527718,2700000.0,9137.613249891758
0.743083774594175,0.0,14832.912942882773
0.9956294133363957,300000.0,13199.872877020623
0.8933585110639923,1800000.0,13822.889658797585
0.6431390465909769,1500000.0,12945.307847281185
0.005793655466188707,1500000.0,12354.327927051454
0.048823808399388935,300000.0,14238.411797176712
0.7558022027978579,2700000.0,11200.89858040214
0.8492573801868801,2100000.0,12192.10728257184
0.7494489955935695,2400000.0,10478.416047734689
0.8080098573298136,600000.0,11579.525959688763
0.5425888930990673,300000.0,13516.068811369048
0.5555228119399374,1200000.0,11512.180594587666
0.5053775595930907,1800000.0,12202.945070163134
0.5041600131772543,2100000.0,13891.130098520465
0.2458193665004007,2400000.0,12026.340023532844
0.6418687728137771,600000.0,13209.373331781526
0.10117537085360029,2700000.0,13368.137588785774
0.10675010855167555,900000.0,14696.398256452836
0.9486996890387811,0.0,14898.38021713292
0.15280074064874505,1500000.0,13501.28189268062
0.009836393232432905,0.0,17920.1918717021
0.7984325524067101,300000.0,13024.794337750227
0.40967396143016777,900000.0,13373.401599063016
0.0413823586313079,1200000.0,15758.95680456632
0.8956234316895553,2400000.0,11222.659179173414
0.6969858524731477,1500000.0,10825.974546450736
0.10020137134606322,2400000.0,13872.120903330382
0.5026726921786291,300000.0,15977.341369079171
0.6465540191013455,300000.0,16900.812722449344
0.3988295712662423,1200000.0,11590.356581216747
0.8028055965344859,2400000.0,11987.59978458829
0.6441688209324815,300000.0,15844.667646945896
0.4083405918992733,2100000.0,12002.274171083964
0.14478183219039875,300000.0,16510.534521493973
0.5006016242920082,1200000.0,11800.036202673993
0.9942472759026709,600000.0,12813.082146985655
0.5451519777008094,0.0,13688.524124112713
0.7478344904262724,2100000.0,11625.825006484925
0.5091045033478261,600000.0,12298.995972179162
0.6927909761872969,900000.0,11662.11410307041
0.10487215033353137,0.0,17971.779998908303
0.2468173001381202,0.0,16114.997670392475
0.30064427856928844,1800000.0,13323.012930501947
0.9558998658004418,2700000.0,11264.943767395574
0.09274571089409223,300000.0,13465.609665387892
0.10920370839432114,300000.0,13304.150431108566
0.556619451498026,1500000.0,10024.838359263307
0.2537959577315616,2400000.0,12416.58687978337
0.2556916873932128,2100000.0,10275.768210366254
0.746123161809906,600000.0,12033.469189215584
0.9516284830593261,0.0,16455.761828759474
0.846794254333808,0.0,15676.609789806633
0.5905396972677177,900000.0,11278.00786100213
0.5484877403410419,600000.0,11428.368411263562
0.8007766854066853,1200000.0,11363.198691341513
0.40085469490517645,900000.0,11334.446946267546
0.8973380594837501,2400000.0,11722.926446924404
0.8585348424719351,900000.0,10852.544581789729
0.0062972755732666474,600000.0,12187.272022330095
0.20291712803110784,2400000.0,12688.836560623786
0.29908816776889013,2100000.0,10955.651677219523
0.009939203289535348,1500000.0,11335.40848292698
0.9993401026214737,0.0,15498.829169146402
0.2554474087559364,900000.0,11237.752780247882
0.3409962773084998,300000.0,16969.910926141605
0.4452439428662268,1200000.0,10921.849296862285
0.34859032543419965,2100000.0,11044.36108024528
0.8549496509070423,900000.0,11690.31742835743
0.9906420453825688,1800000.0,10734.618539517915
0.8479042936046803,1200000.0,13458.326036184475
0.6458361637452361,600000.0,13875.568460323537
0.8956417131085682,900000.0,12447.302704570513
0.850504950239654,2400000.0,10669.331738356585
0.9996041885875536,900000.0,13506.719494144836
0.20367182912580717,1200000.0,14651.576239138356
0.6479245418824813,1500000.0,11117.141119481264
0.8419938429094936,300000.0,14222.40365106131
0.24789147406252,1500000.0,12458.263269404557
0.39101186667298626,0.0,16762.731285791622
0.5531894737649642,1200000.0,11123.703713924031
0.6062626688525288,1500000.0,12809.912147097379
0.8982869221317926,1500000.0,12727.349534306906
0.2451022087497552,2100000.0,11731.158538653466
0.19400466582595055,2100000.0,12519.8186370933
0.5407300063271094,1200000.0,11828.158199587566
0.956268930986034,2400000.0,10994.269352834672
0.09647353367923239,2100000.0,13622.465442147619
0.9928433810862552,1200000.0,11199.210428829489
0.9924170168737544,2100000.0,9893.728075919156
0.7560169446837876,1800000.0,11373.658491509792
0.40101464529065034,300000.0,15120.470444860597
0.19902428286918672,600000.0,10787.63621032535
0.10059477721885834,1800000.0,11648.949584816623
0.09450712864902833,2700000.0,12889.568097809968
0.7456025768629772,2100000.0,10704.16790482517
0.3006883172652951,2400000.0,12541.742461811311
0.7088583981578137,0.0,15813.990610429646
0.6010959541145893,2100000.0,11025.340354050093
0.3545194802402427,1800000.0,11387.809594482516
0.05233495128693455,900000.0,12668.255527096499
0.9939039700468433,1200000.0,12137.859657767936
0.4467806275023225,1500000.0,13217.368197137757
0.9046557454303175,2400000.0,12763.462647313554
0.805205941157852,900000.0,13567.787037529082
0.8502633834975288,2400000.0,11553.861841981736
0.308148534435283,2700000.0,12253.968660371096
0.9030296096985494,2100000.0,10926.042471243187
0.35527876759745414,1200000.0,11020.436977139607
0.9924359806959625,2400000.0,10534.520927200872
0.05636678469521195,2700000.0,11849.787379617477
0.4036528118211419,2700000.0,12444.857253557413
0.6987738621429658,2700000.0,12007.108754304243
0.25708131600827755,2400000.0,11990.167493517572
0.9055080399075758,1800000.0,13076.350360353548
0.009075660389721407,2100000.0,13637.039772933285
0.1465338747370859,300000.0,17200.652523889796
0.8436491950379299,600000.0,12946.437108819246
0.7917828361823331,1500000.0,10876.283760642182
0.6914286001363965,2100000.0,10359.078790695272
0.14524611894304051,1800000.0,10119.013945796434
0.20357811183720187,1800000.0,15000.834456104889
0.009436523167342226,1800000.0,10163.129022451076
0.4598540204222866,2700000.0,12115.167375742516
0.7530801068750862,300000.0,14500.084598827227
0.7923548404817676,2400000.0,12192.711989960946
0.6480990203952717,300000.0,14416.804646282282
0.7958445874018101,1200000.0,12606.410260140483
0.5490012237601314,0.0,13727.015849745138
0.7597334356241717,1500000.0,11571.043736556177
0.049248017578281456,2100000.0,14246.044991189774
0.9455247731233701,0.0,16311.754543796531
0.29237595007654116,900000.0,11973.811600549046
0.49190686586686505,0.0,17541.96350934836
0.7569655572015815,300000.0,14437.752802677354
0.6024516183296562,2700000.0,9316.983453044535
0.2548640408072036,0.0,15872.457399828372
0.7987711895401626,1200000.0,13033.90458454305
0.5474548434600237,300000.0,13973.57372950616
0.04141043636302433,600000.0,13776.023420178653
0.8058075205352093,1500000.0,11955.220770213095
0.35652716220708913,2100000.0,11238.352647655638
0.5466755584319061,1200000.0,11153.068145342018
0.44255540729370557,2100000.0,11971.95516887608
0.9044763306905896,600000.0,13138.955810616535
0.3920390580631957,1200000.0,11540.537060088427
0.10392230625331933,1200000.0,14473.931478783314
0.00974670975054448,1800000.0,11144.6279422836
0.8094223048357053,1800000.0,11728.268094652569
0.7452435855323796,2100000.0,9926.001879502424
0.5061006878946117,0.0,18179.36814118097
0.35834981613490136,0.0,15698.663320970732
0.6000115946237361,0.0,14813.974326055855
0.8003007055784496,2700000.0,10405.707268571832
0.2081651134994137,300000.0,14810.832547426322
0.10654746471958065,300000.0,13935.947362075847
0.0556523500136169,600000.0,12885.552266710947
0.4573105125225837,0.0,15569.612291502312
0.8945868554201127,900000.0,13099.84988808144
0.3013154365395171,300000.0,15095.46554285706
0.7060063373815044,2400000.0,10819.823092186807
0.007418991018878329,0.0,17836.949551864534
0.507330528856552,2400000.0,11229.78822502461
0.40772446172299426,600000.0,12979.41713576366
0.008898177093614401,2700000.0,13541.451380550425
0.049278255942876714,600000.0,13379.794344283471
0.7022310332859623,1500000.0,13490.277546716154
0.8076833018796326,2400000.0,12101.865972500664
0.04306106392361253,1500000.0,11966.490042423331
0.5971875323904037,0.0,15691.567982688648
0.4962255267041443,900000.0,12686.667124497279
0.10750770615553074,900000.0,14296.904103882513
0.49318979219389114,2100000.0,12341.567453768472
0.009620896125858924,2400000.0,10774.62076000179
0.24722536602580847,1200000.0,12142.376572544814
0.1975211441908551,2700000.0,10459.190565201321
0.3953797473383437,600000.0,13233.038318546045
0.5901562011680022,2700000.0,11776.390260733922
0.1953811208131897,600000.0,16158.654047994938
0.20825643799959925,1500000.0,11438.348822336398
0.5521494711546181,2100000.0,12820.674700524909
0.9086998928247394,2700000.0,11818.115657953225
0.5508156089360245,1800000.0,12087.453060802292
0.8475974270396662,300000.0,14466.222214687483
0.5562793658504344,600000.0,14136.49204611272
0.5483584171579571,900000.0,11484.309628251865
0.048336823600064305,2400000.0,13988.003845024601
0.65016330792723,1200000.0,10371.333906791035
0.05332510795471446,0.0,18068.41455690818
0.257286838744631,2700000.0,10854.407774562358
0.2033791581125176,600000.0,14058.86846547227
0.7577967179086708,1500000.0,12904.922461104294
0.6089963569288026,600000.0,13607.520370085851
0.44249354718529754,900000.0,14197.080186119121
0.6000839919997651,1800000.0,12742.238948199705
0.6962026360126873,600000.0,15437.251717924368
0.45738776858014596,900000.0,12213.377312871859
0.8041382293524879,2700000.0,11178.014259227502
0.9994427690152399,0.0,15003.372376990397
0.09727866881009828,2700000.0,11295.73350155327
0.547821021478242,0.0,16638.43862831977
0.6042903526240605,2100000.0,13354.289644164586
0.5028223787653205,1200000.0,13783.848445026557
0.24707885459308854,1800000.0,10735.409142275452
0.201563016329241,2400000.0,11077.018443434063
0.9943569710959751,1200000.0,11129.841660965181
0.9429485584838401,1200000.0,11144.448291550136
0.599391982300995,1200000.0,11000.30157714984
0.39859101701492095,2400000.0,11604.047195215788
0.8977724074943204,1200000.0,11844.135212849042
0.80628853039237,0.0,16971.350821381056
0.8922618622187649,900000.0,13017.603742803783
0.6405378467165559,900000.0,12959.091459162173
0.39691948433471014,2100000.0,10900.069644375224
0.040788291696281065,0.0,15189.319940563075
0.49215148839245193,1500000.0,14471.3383159043
0.694239545136285,900000.0,11596.846903338734
0.39629478865726975,300000.0,13309.837889582885
0.694094955807209,600000.0,11305.629844978479
0.7949876169242296,0.0,15754.6965050167
0.45578916411864856,600000.0,12780.650640693839
0.00672292690698828,2400000.0,13784.257332048812
0.09423923026625003,2700000.0,14490.871661307048
0.2005985295878805,0.0,17503.348308503293
0.3090623085243932,1500000.0,10150.09111301001
0.40364878711660546,1800000.0,10495.2692046276
0.9966044459840654,300000.0,14059.560215236668
0.6081051987078689,900000.0,11897.483164460782
0.15897459334919617,600000.0,12915.945811961721
0.09946104264908795,1500000.0,11415.954087107173
0.7448322543855792,600000.0,13932.248530725608
0.05719561900509096,1500000.0,13489.739562479204
0.7495326894157281,1500000.0,12596.972484775393
0.007023251137932451,2700000.0,10413.863818734582
0.20253460926381617,600000.0,13364.308746349434
0.9927278322929287,300000.0,14823.24085773006
0.2047775237127616,300000.0,15774.169947444027
0.24851994126874932,2100000.0,10069.586047372522
0.09530682577526028,1500000.0,13652.797889196454
0.9067728871958136,1500000.0,11518.020466581875
0.5067637360940984,300000.0,13926.52045500293
0.4496439010619333,0.0,18247.65289439564
0.35911018218903146,300000.0,16339.924362986569
0.8472961510817247,600000.0,13913.338713614976
0.053238532820417905,2700000.0,9893.244513874253
0.30445533232660993,0.0,16058.055188176417
0.49685503351857074,2700000.0,11487.51803773317
0.2944993916763152,900000.0,13327.423134796423
0.4930203510102502,2100000.0,12824.178528655862
0.5451350242750944,2700000.0,12610.461325372778
0.5414250617398396,2100000.0,13148.79853172265
0.7998446834145121,2100000.0,10732.223939375073
0.14302369499739043,300000.0,15098.416830069315
0.05978907341186446,900000.0,14599.610376631079
0.34335487602858805,600000.0,11572.919718649844
0.15509939088797275,2400000.0,12791.007489271879
0.008376168162746,2100000.0,11441.92939550554
0.901735937426215,2700000.0,11017.392569262945
0.009792371579303238,300000.0,14604.532074016553
0.09544595797099897,600000.0,15968.991999141506
0.14017584710646658,900000.0,14288.37649386201
0.7002011203404299,300000.0,12315.401741495307
0.6520392690423036,1200000.0,12610.837903205133
0.35675647224174256,1800000.0,13012.120041841423
0.45949458002639265,1800000.0,11723.989052765113
0.9015013579206455,2700000.0,10878.980056462995
0.5417048439384664,2700000.0,12408.488163469894
0.29959069282130635,600000.0,11859.175098596294
0.24422478300532557,0.0,18122.116292840357
0.3414063513443212,2700000.0,10583.898571072412
0.9487087960054963,2100000.0,11607.976120720272
0.6006257467637295,1800000.0,13080.280520380886
0.14682043673889866,1500000.0,11138.046930933982
0.3039681246350133,0.0,17192.702943583332
0.7580943659729631,900000.0,12310.944151600714
0.34892969087808956,2700000.0,11775.853991762939
0.9507526686689629,1500000.0,11848.11425001689
0.6475706297320624,900000.0,11572.36517591006
0.996871707201997,2400000.0,12877.153031111047
0.6969667488680942,2100000.0,11438.839692023299
0.1090481707656874,1200000.0,16368.279054688926
0.5076465822694063,600000.0,12461.590976643285
0.6099296987031615,600000.0,13721.271908423334
0.9941755884464064,900000.0,12320.430069616816
0.15489710282540659,300000.0,16221.887161098955
0.008067510677886247,2400000.0,8999.667154369055
0.09382676418148261,2100000.0,10528.425564860265
0.9531861405330742,2700000.0,12203.32952043711
0.4552762207429246,600000.0,13777.243060155377
0.40323218576639563,1200000.0,9457.796283827858
0.45169821845471925,900000.0,10739.108787839868
0.15503792156173324,1200000.0,13104.492228651663
0.6439743976791845,900000.0,12231.585521420082
0.49732713587899,2100000.0,11497.542967228665
0.25274389267881603,1200000.0,17135.562654263093
0.8463136048209052,2700000.0,12787.992468273067
0.14966881463215687,1800000.0,11482.327865897065
0.0455917974041441,1800000.0,14255.347100335013
0.5462974023708032,0.0,14779.99750028549
0.008915808576118955,1200000.0,13254.668877691407
0.9549911626064189,2700000.0,11313.932858336186
0.6905169081845974,900000.0,12260.580045252185
0.05913580789923489,2400000.0,12934.43967398569
0.844493489410046,1800000.0,12279.737458915439
0.30922742361862,1500000.0,10642.508472489353
0.8591265110597371,1800000.0,11248.430374174073
0.747225018900987,1500000.0,13433.402983703052
0.40873845377011564,1500000.0,12443.94972295387
0.29901872074066094,300000.0,13072.18848719291
0.14059958929064997,0.0,16592.453189870896
0.7462933503043069,1800000.0,11761.355520310342
0.9928183359207561,900000.0,12991.079863943407
0.9072992527555016,2100000.0,10218.786902298205
0.7976740578153316,2700000.0,11858.643060213966
0.1918316226163037,900000.0,13427.143122506997
0.09926142517955439,0.0,19818.720848309727
0.5496372257745923,900000.0,12089.554305122549
0.9502946094809188,1200000.0,11566.755743767413
0.24953092688648437,300000.0,19494.457089207677
0.5926332386273837,1500000.0,11847.042018404574
0.057531844126118226,1800000.0,8038.311006004892
0.4542724713543089,1800000.0,10573.00847010057
0.4960908070143054,900000.0,13005.384048459016
0.5963864305342166,600000.0,13371.21369381358
0.6012417112148218,300000.0,16807.369697438025
0.3096743847574287,0.0,18160.465770191673
0.4076621369327338,2400000.0,11663.131912289928
0.554824130026732,300000.0,14956.480061607237
0.24453147861344748,300000.0,18363.925365063784
0.9023005216890982,600000.0,13142.4490067591
0.1525136885897539,1800000.0,8870.148413025388
0.5082342582058322,2700000.0,10926.139810927718
0.44348979685805734,2700000.0,12268.546577787441
0.9989373057249951,300000.0,13704.072068724585
0.7554470685910978,300000.0,13432.222077888111
0.9971868059813025,0.0,15907.29613799372
0.8063468738952846,1500000.0,12654.48388086903
0.7401676200878229,2700000.0,12932.260567560776
0.255546043903479,2100000.0,13414.138943309188
0.8536063880323919,2100000.0,11773.274250264389
0.30149227700760006,600000.0,14215.648794102744
0.9016595421465724,1500000.0,12025.042190707536
0.9542803885885989,1500000.0,12267.504759599671
0.24002360482803642,0.0,17215.86268331641
0.7540811528443624,2700000.0,11281.120614388625
0.5088189417740435,2700000.0,10694.442035787295
0.6002238624366552,1200000.0,10334.168353925104
0.2967618767514396,1200000.0,12541.350116841524
0.8096456766862088,1800000.0,10732.233378644047
0.30466108800116853,300000.0,15408.750164196663
0.6987372387870785,300000.0,14330.177988499441
0.4559119152126715,600000.0,10755.811137589328
0.948698113972976,1200000.0,12936.543549267044
0.008726062914658717,1200000.0,13745.682225341185
0.7406561137765005,2400000.0,11446.03165939154
0.04923796991049456,0.0,18945.067305843317
0.9076000527337199,0.0,17124.35026584364
0.9575020535940001,2700000.0,12944.730485169433
0.8411461813200325,2100000.0,10690.362064761668
0.35686220276984026,0.0,16190.285651132224
0.49974463484407394,2400000.0,13760.304518654388
0.2019859477119863,2400000.0,10447.886626294685
0.7989618670734704,2700000.0,10770.893707875417
0.4080125315091423,300000.0,14036.0137066799
0.5081056217188258,300000.0,14343.655309923191
0.2556901033707387,900000.0,10832.672259690677
0.7046339915037155,300000.0,13626.74349482379
0.6413316885709179,2700000.0,12146.961011879828
0.007729237116410159,1500000.0,14855.286624642189
0.9591851852828231,600000.0,14546.260852864776
0.6074923215128052,2400000.0,10087.265492469665
0.3426238033543465,300000.0,13811.836860128353
0.008371338562276343,900000.0,14402.67097333153
0.6418846825438458,600000.0,14186.593161362553
0.39693779878757995,2700000.0,9918.215297798544
0.40826006341159504,1200000.0,13310.744011799774
0.20254346019810354,900000.0,12397.126191544396
0.14096656529779283,600000.0,13563.161886243348
0.044308479205957596,300000.0,17201.501119368928
0.7957262846680226,1200000.0,10761.21538080347
0.30857210119143796,2100000.0,11744.723031332273
0.5400909464465584,900000.0,13419.781199200235
0.2594182122762333,1800000.0,11850.333859077798
0.8408183230645021,1200000.0,11837.750433202096
0.4520992850017078,2700000.0,11125.294680705012
0.2537143968380171,600000.0,11708.827421528227
0.9044008450811187,1200000.0,12228.159829716014
0.204685434759595,0.0,17385.138221502693
0.005694182442917306,2100000.0,12784.383117565469
0.40477085020372294,1800000.0,12457.212723419454
0.5437980072425557,900000.0,11212.60841164177
0.3007659196030248,2700000.0,11502.673621104614
0.9046724112153987,900000.0,12124.045222825001
0.0062119984878005186,0.0,17656.438464184313
0.7073432006518502,1500000.0,10602.41101442212
0.09631525537306473,0.0,19301.419054327584
0.14983478392044491,0.0,17512.581672914603
0.09448379849015132,300000.0,13914.993090616179
0.9053133675659901,2100000.0,12099.448296266663
0.542333879050607,1500000.0,13275.107321450685
0.5457407832455528,1200000.0,13916.856881504447
0.1943017616755599,300000.0,15000.746961174336
0.7406680716589036,900000.0,13481.06389057064
0.2069113737293793,1500000.0,13687.507867415336
0.4923906335398164,300000.0,12563.090212236686
0.5034944684406948,900000.0,11035.945107063477
0.09379917435990415,900000.0,12554.703483351237
0.15418325969988933,900000.0,11276.465813829824
0.7923675028139578,2700000.0,11117.709734714497
0.5975742906969976,0.0,14116.381915253694
0.9065336000934773,1500000.0,10937.40588038607
0.19242651037047476,1800000.0,13626.278267143145
0.8502629572285485,900000.0,11334.584762905137
0.5045620159451092,1800000.0,9912.503798560712
0.3431100971881811,0.0,16192.981058438634
0.9503632612346233,1800000.0,11726.042103464699
0.14360643368097714,300000.0,14707.421114426634
0.19629563864471722,300000.0,14552.59004187215
0.6463012943817352,600000.0,11525.359542769876
0.7900442650474809,2100000.0,11371.959578076645
0.5545298868251893,1500000.0,10241.054139536103
0.8497787773050649,300000.0,14258.68623754944
0.8445441261210884,2400000.0,11345.90817682256
0.29012303875610634,900000.0,14094.5687671429
0.009049081267079373,0.0,18528.047452222127
0.09282083263753482,600000.0,14989.655795777908
0.3446860456154215,2400000.0,12422.41313433
0.5016197632050895,0.0,17979.505309857563
0.006698566232698044,1200000.0,14327.024473935819
0.6565811396054061,600000.0,12080.465824599505
0.9969572081754355,0.0,16134.508325318673
0.05678865936976152,0.0,16961.544972903535
0.5968862981602903,300000.0,13551.935319323022
0.4455792813815247,0.0,17040.98576833433
0.9933226799077092,0.0,15670.703378151686
0.10525898766704023,300000.0,16608.02151434398
0.8018104829893338,2700000.0,10583.35125128635
0.5408427030815085,600000.0,13493.523629267112
0.6935271558824128,2100000.0,12973.835427431304
0.052870864578891896,1200000.0,10243.827655443592
0.34872586277858475,600000.0,13175.42257097393
0.10010642548802151,1500000.0,12402.749464720002
0.40788737759567417,600000.0,11691.49368050191
0.3084227067088112,2400000.0,10968.180348815982
0.9456220800883222,900000.0,10611.926484708001
0.8917782026834953,2100000.0,11333.254905190393
0.006711942308093577,1800000.0,12055.881797890794
0.6009519205519436,1500000.0,14377.29905436272
0.3013999312255192,300000.0,13397.783985154601
0.6921154086377248,2400000.0,10875.056191787642
0.6419349807315649,1200000.0,10832.40958304734
0.009945592253030155,1200000.0,14553.276795880143
0.15209997959692922,2700000.0,11460.107604457593
0.24754684486509015,900000.0,10053.121921075828
0.5433707046707985,1500000.0,12355.506251135925
0.8490937784214874,900000.0,11506.908926309334
0.6959305900433287,300000.0,14392.94655224919
0.25276712510460453,300000.0,16688.85355848076
0.15185431718498743,2700000.0,13058.187857598834
0.4505726782449784,600000.0,10535.580132181429
0.408349676030592,300000.0,13193.824826701653
0.49601959071645907,1200000.0,12929.912350126271
0.9968124135592802,1500000.0,11391.095690923166
0.8065317664365186,900000.0,11848.406877911688
0.9576376373617292,1200000.0,11897.509643384017
0.10200711674590057,1200000.0,15527.656085455961
0.8003052623519155,900000.0,13944.277677467308
0.9925722170231139,2100000.0,12051.156284047469
0.5409885585855403,1500000.0,11557.080617427231
0.5043108099700052,1200000.0,13060.620062585504
0.44923753894720897,1800000.0,15364.695028906335
0.008362279813522333,1200000.0,13247.093179505806
0.7502487524091734,600000.0,12631.41789829137
0.6935683263829135,1800000.0,12625.647931710053
0.4964393042986571,1800000.0,13455.642369339219
0.7976619581727517,600000.0,12890.481568541678
0.503204413050304,1500000.0,13570.113212022452
0.3929317310870478,1500000.0,10940.238041495893
0.05819376981031643,600000.0,12406.81868319683
0.15384487237094435,1500000.0,14442.128275067886
0.09520390630317588,900000.0,15063.585190370002
0.39664835420177724,0.0,14577.281249339261
0.7483565961407879,0.0,14366.572932682044
0.9423456405207034,300000.0,14746.444994643953
0.7521215771795295,1200000.0,12585.630443404441
0.992280553956691,900000.0,12392.589503309042
0.4018194951103077,0.0,16937.65059539204
0.4592934475484972,900000.0,14201.82115145529
0.7565038701761264,1800000.0,12297.562882666562
0.5047184893870893,1500000.0,10989.957335955925
0.053943147528409674,1200000.0,15706.894582330106
0.4532639161916784,300000.0,14947.894261884769
0.8012427822057716,1800000.0,10493.270756999702
0.005824528169641852,300000.0,15277.830152732864
0.6988594152055709,1800000.0,12842.58511592088
0.39534700986249494,900000.0,13289.318958700314
0.8929307424673558,2400000.0,10484.487163898486
0.8994816679255565,600000.0,10798.839900752562
0.194271540576204,0.0,16979.228007312613
0.9972382155324775,2700000.0,12256.740972040498
0.6428927104952646,1800000.0,13552.727901081562
0.45664005427118326,300000.0,12648.307047728471
0.5033736296509754,2100000.0,9705.26869251625
0.7499859020429662,2700000.0,11370.881960618628
0.9524340905860862,0.0,15945.215226076107
0.0503000822350278,300000.0,17090.266479459988
0.25620605531132223,1500000.0,13066.257440479423
0.05914479889061175,1800000.0,11785.301106006687
0.5560479512825451,2700000.0,13139.02578369723
0.10190039979212984,600000.0,14405.536700048995
0.642859907885361,0.0,15678.998523310882
0.4507976777458782,0.0,16446.079812918826
0.40252747820377976,2400000.0,11742.789129890389
0.20990643332548842,900000.0,10145.630171162458
0.706132169585487,2700000.0,11629.26626494097
0.9948201761301929,600000.0,12225.115778200638
0.4495105876533455,2100000.0,11145.26445584008
0.7012560527263969,0.0,16925.294536757818
0.007534153846965208,2400000.0,12626.03436058015
0.24947265938051155,2400000.0,12131.750672800878
0.297010866714977,1800000.0,10501.41361455978
0.040292961062682764,2100000.0,12353.55949000584
0.20346963223602665,300000.0,15927.651120557974
0.19821583925340547,0.0,15849.588895397343
0.35469535041621225,900000.0,12170.293794323805
0.40918057202845726,2100000.0,10844.289158367275
0.8455123377457125,2100000.0,11678.568716559314
0.2587691062186509,2700000.0,12483.855618560989
0.04822482411117324,900000.0,12507.754000810794
0.841919299726368,300000.0,14154.990806649794
0.15390522729663458,1200000.0,15343.569139007897
0.7093714041192946,2400000.0,11922.940369837343
0.9925544404317613,2400000.0,11917.587220503086
0.3572884132544506,2700000.0,12677.221180783316
0.845022186759934,1500000.0,12981.549330097458
0.009157296937501003,1500000.0,12806.47648729822
0.24962964592707948,1500000.0,13394.148732462287
0.14419296012121174,600000.0,13212.015055067182
0.6090037130811654,900000.0,13711.303655866603
0.6046565172389553,1500000.0,13706.166040645317
0.44729929614482045,0.0,17838.968205832425
0.4559449469416147,0.0,15666.322275354854
0.6042850462782755,1200000.0,12817.885250822592
0.8449471465313461,2400000.0,11514.042585174213
0.5958118509173082,2700000.0,12941.273044697642
0.14073072153277544,1500000.0,11429.251777604137
0.5048873225495812,600000.0,11060.201290800536
0.34472875243057677,2400000.0,11722.674821212968
0.8566566543566598,2400000.0,12853.121193470553
0.9060182924366401,1800000.0,11608.147554958037
0.8557543660543588,900000.0,12900.42293997097
0.8088487768613422,1500000.0,11299.647311241557
0.34942250340945313,0.0,16226.29799417372
0.8547770801102095,2100000.0,9478.613785193917
0.0097691868057459,600000.0,16222.502536633063
0.6418188429246241,2700000.0,10914.86340928057
0.4062248669780628,2700000.0,9870.583506483905
0.04863311255613523,2100000.0,9475.026207836456
0.10646079537237585,1200000.0,12016.59642048811
0.7997597571769272,2400000.0,11277.59602449429
0.8423754738350764,2100000.0,11591.414555909967
0.5502333918923118,1800000.0,10164.32894822887
0.6052123011574057,900000.0,12794.57909789876
0.9408337274931082,300000.0,13126.01017172659
0.503076252444269,0.0,16592.60884149715
0.30580114779159795,2400000.0,10553.156535037217
0.14095728106715955,2400000.0,13239.757852969624
0.707770293249756,2100000.0,11684.91568486847
0.15891942753339128,1800000.0,12572.865923890613
0.8072173473184607,1800000.0,11952.07391630047
0.49933299169120315,1200000.0,9835.486103910906
0.5553768801836951,0.0,14635.339096804302
0.34737001976462856,1500000.0,14418.125262790107
0.3507588259372646,1500000.0,12623.21560346244
0.4969188731595462,600000.0,11984.825880943701
0.15332689837719793,2700000.0,10596.804640533626
0.20112405431240932,2700000.0,13199.026413730551
0.7560167122290149,900000.0,13697.505168346255
0.24924635241189297,2100000.0,10596.08739569057
0.509670649979354,2700000.0,8774.079776788292
0.40512777648489273,0.0,16620.38330492557
0.006684988486114873,1500000.0,9796.95713138855
0.7525717929471665,2400000.0,11440.168324670023
0.3955550824018014,600000.0,13850.24771156043
0.8533925239882403,600000.0,11664.6648468501
0.34349247174196806,300000.0,13467.869815543943
0.04537484692961535,2100000.0,16588.852220556142
0.30646075057439215,2700000.0,12295.550090925914
0.9068051627433579,0.0,16035.897275793579
0.3430631351324197,600000.0,14937.035426769515
0.40913334750988906,600000.0,12570.996565383251
0.5484212663865193,2400000.0,9850.667055989617
0.29329313638681476,1800000.0,14175.704510410616
0.990222480011358,2700000.0,11536.06074963934
0.10238161211648855,1200000.0,12471.603304184755
0.6954397609833691,900000.0,12712.346180233366
0.7584342613967555,2100000.0,11538.089585483434
0.8499613707705227,2400000.0,13837.954019244618
0.9462392150001874,300000.0,16065.376768699414
0.24368496886710778,600000.0,14339.721053510199
0.34328829503430125,1500000.0,12410.218964879949
0.20160540744512656,1500000.0,10489.18998711296
0.3012018961450075,2700000.0,13413.879772173175
0.6497010270464596,1200000.0,11677.284904175074
0.14904388899788745,2400000.0,13728.894410697765
0.9502656749439828,300000.0,13873.620494957398
0.8491350513643428,0.0,16497.417280108486
0.8000893148345105,2100000.0,12985.029007531895
0.7993002613782312,1200000.0,9950.711632799548
0.04126140849975879,1800000.0,9940.199453736019
0.44061961044647346,900000.0,11366.37349614302
0.505711234310092,300000.0,14096.816133518872
0.04984878034542273,600000.0,11740.634631350646
0.5090706867977347,2100000.0,11896.890483536929
0.8555132121099066,1200000.0,14079.925038030577
0.5081826786503042,900000.0,12817.15458205023
0.2020980494329282,1200000.0,17203.655578514717
0.7562846106175171,300000.0,14577.717896974491
0.9941097232878005,900000.0,12633.963766097453
0.5473499370023639,2100000.0,13444.97384291552
0.9490225255682193,1500000.0,11482.110532196071
0.452199641891351,1200000.0,13712.170162626657
0.5500114460196521,600000.0,13409.765735922867
0.8525895428779016,600000.0,13286.985535275524
0.24693116301435158,1500000.0,16449.723155212996
0.0064837550886617246,900000.0,15133.826339078767
0.9575302011604104,900000.0,13481.116739744286
0.39015330883939403,1800000.0,10965.046022879735
0.950618843405729,300000.0,12823.510457218508
0.007038805664281056,1500000.0,9790.794854812268
0.9952159775297116,2700000.0,11123.931474376563
0.09562757461656257,1200000.0,11463.502621110942
0.8043938242027922,600000.0,12543.121944746861
0.1043331285125152,1200000.0,15947.627227024932
0.9000173092151948,600000.0,13644.83305931254
0.748846268181854,1500000.0,13268.975594430261
0.8532893334085955,1200000.0,12789.87771590487
0.15422440101685309,0.0,16532.299461077004
0.10624390673216133,1800000.0,11322.292795918049
0.9508869458913229,1800000.0,12400.878933492791
0.9909753546526495,600000.0,14283.277405599727
0.40312714825522145,1500000.0,11164.387729102811
0.5021393052455085,2100000.0,13013.503845099745
0.6024854408222056,1500000.0,13152.864467191244
0.7549232857789764,600000.0,14014.218686636019
0.9042659525315022,300000.0,13170.45584086428
0.2467311806572665,2700000.0,13887.073226206148
0.3554968063877896,900000.0,10835.11447635757
0.9474648773282006,1500000.0,12018.496504178122
0.9549893095422556,300000.0,14053.984365085533
0.45319248311895677,900000.0,13002.922818904071
0.5906502506617299,0.0,16243.487199271327
0.19062514388046448,2700000.0,10412.054740344702
0.5936724992373232,1500000.0,13967.60299673936
0.5537998179586,1800000.0,9726.879637090122
0.7035226535268438,900000.0,12749.41822329995
0.20253193405564596,300000.0,13254.577912083774
0.24438926126706728,300000.0,13916.635580280488
0.5945891350400998,1200000.0,11434.194357000863
0.7006316104672483,1500000.0,13906.085104651478
0.3579719514970522,1500000.0,10370.45022607107
0.05945735043459077,900000.0,15184.858240799105
0.6574033892705927,2700000.0,10671.10399310662
0.9902250928877457,2100000.0,10689.582849892306
0.3953144153205479,1800000.0,10768.994427871738
0.34445925185301807,1800000.0,10568.971350016902
0.8017973019917519,1200000.0,11982.353395331013
0.44817709333920386,0.0,15119.40101013995
0.34696822297102836,1200000.0,13629.49243475579
0.04245569714824804,2100000.0,14216.92450258321
0.09896039377076393,1200000.0,12442.509563521047
0.9003059639297143,900000.0,12272.97216142992
0.34157877313022555,1800000.0,12041.869185030946
0.4057521051395,2100000.0,9810.066453448957
0.447736620065172,600000.0,12912.13604335807
0.9459937691239946,2700000.0,12056.360855254627
0.29242689245101494,1800000.0,12907.819150476358
0.2049865176761697,2400000.0,11318.867692882095
0.14141664294095713,2100000.0,13269.21764614295
0.7421374323680314,600000.0,13296.087466672161
0.297924677435807,1800000.0,12511.711610078935
0.44947546632730073,300000.0,17104.002429213826
0.8991124765661109,0.0,17154.962520639656
0.8091819369553915,0.0,17895.941815743332
0.9408259033954499,300000.0,14404.15009434297
0.7962670666436089,0.0,15857.379301981973
0.7018267979004145,1500000.0,13431.500964198289
0.3901311064001993,2100000.0,13323.251656257195
0.8505736634137356,0.0,15854.856314459606
0.05699818951323998,600000.0,16635.46808472387
0.5004893183192463,300000.0,12320.351512222334
0.9566309638739933,2100000.0,12477.724532468563
0.9427854791448407,1200000.0,12543.974318124621
0.6084916498294612,1500000.0,11199.638233501635
0.24606820710521238,600000.0,13664.462498451036
0.5971928417701082,0.0,16518.00434621681
0.0530977777655548,2400000.0,12907.495392166647
0.35912821122019045,900000.0,10181.646226596498
0.14003524220935926,1200000.0,11596.20676911907
0.6051142980880595,2400000.0,12215.685539297885
0.9941966767772151,900000.0,12351.749786984949
0.60503161540469,2700000.0,12639.122996587445
0.5564972188415209,2400000.0,12940.892954576053
0.24694040563201636,2400000.0,13045.86192126286
0.007394627818270494,900000.0,15548.376953222105
0.4417780945377626,1500000.0,13328.396655756776
0.4454583910220824,1800000.0,13448.46770238744
0.6051386989653734,900000.0,13008.39987147294
0.8564497955602861,1500000.0,11884.396143591748
0.34427393426116404,300000.0,17226.39492600195
0.958067857542612,1800000.0,12434.038930775376
0.09300449978086722,2400000.0,11345.982663201055
0.9099294358978168,2100000.0,11525.763789407623
0.9900895052949926,2700000.0,12296.749115594603
0.05873575756721894,2700000.0,12029.151032115044
0.3946886195474404,900000.0,12816.425172153471
0.29530269944277887,0.0,14894.265980645325
0.29318681739469943,1500000.0,13743.432128307059
0.0502003347537634,600000.0,15488.503335076555
0.04930690512155966,1500000.0,13555.291102399822
0.19488172650966984,2700000.0,10085.66950452174
0.9923008641903414,0.0,16285.660554981383
0.45226781807459726,1200000.0,14219.041913398982
0.7487553716546904,2700000.0,12113.807804712598
0.09142609179448813,2700000.0,13910.897352537506
0.30133034867925157,1500000.0,9454.312013967685
0.44224404479134916,0.0,13757.214875191125
0.15064051902336195,2400000.0,11532.180290869992
0.3418733584649193,1200000.0,13498.055328713355
0.5007743433106696,1200000.0,11635.70008174449
0.39444877013997404,300000.0,14965.174365792389
0.5979772753984025,0.0,15892.695140858947
0.5480012489282072,600000.0,12495.214860840408
0.7072769219005239,1800000.0,11278.319042726036
0.6400689355923945,1800000.0,11835.959716618798
0.9050777988399358,1800000.0,12574.081746239224
0.5941873726216194,2100000.0,10107.73327314351
0.9953183911518189,2400000.0,12912.032734304652
0.7549525723342511,1800000.0,13493.637327107013
0.20733326604871083,0.0,18298.01149545532
0.9539902774246286,2400000.0,11438.419367994808
0.1960308786113577,1800000.0,15132.090079035677
0.9991968420304044,1200000.0,11067.45119386339
0.9058469313525327,1200000.0,13640.222760726092
0.8040095151715685,0.0,16303.673978673498
0.8018443740266742,600000.0,12538.004634743333
0.9023876400394067,1500000.0,11398.958174020812
0.455701425959013,1500000.0,10627.604963993648
0.6505193767978885,2400000.0,12192.249921090539
0.4418919944975347,2100000.0,10160.233033352359
0.3479190014596456,2100000.0,12689.03202784427
0.894328321736158,2700000.0,11792.372379383356
0.6440649247982742,2400000.0,11228.222504277599
0.9914666365995036,600000.0,13329.929021929083
0.45248689145254384,900000.0,13740.907720683299
0.992747457676241,1500000.0,11518.623477739062
0.49778760414786116,2400000.0,11264.925266195836
0.39341094044689195,2700000.0,11100.392620506502
0.6422784473227445,0.0,15784.837181144403
0.39354216796424313,600000.0,14698.776625648066
0.9955605812758788,1200000.0,11014.02331388667
0.24119993876051604,1500000.0,8376.508414371858
0.9922351643713411,2700000.0,12075.654789262415
0.9402142821623235,2700000.0,12417.805663711375
0.7517453143095378,1800000.0,11052.12596134705
0.8033251438461596,2400000.0,12815.793883171771
0.8430538430840839,1800000.0,12048.294861219409
0.7008557091356565,2700000.0,11353.225010005557
0.7051693509926474,2100000.0,11803.68746347574
0.7514420377003103,300000.0,15193.716239323157
0.34025674353226876,2700000.0,12763.717340119378
0.19693453226893176,0.0,16423.301588679416
0.597402452023065,2400000.0,11188.944843192228
0.7583566940773409,1200000.0,13173.46877692809
0.3011898713497907,2100000.0,10817.370451074765
0.9909583029331503,2700000.0,12029.264381568219
0.0936856349891606,900000.0,13121.421254847144
0.9565208354800282,1200000.0,11922.353973846453
0.60808028064834,2700000.0,12319.410457681986
0.05977103759421054,2400000.0,11520.368029901882
0.6914229253797539,0.0,14827.071170828003
0.20869703728806288,2700000.0,10605.033501413278
0.39998166015182535,2700000.0,10507.90780988665
0.39198685773415354,2400000.0,12444.510846197778
0.24385815195312743,600000.0,14527.454906140574
0.2506901686100407,1200000.0,11645.06647671576
0.897091741987534,1800000.0,11222.00668629437
0.9495947625384132,2400000.0,11936.216235626605
0.2964170119818216,0.0,16131.17472718988
0.9063719568177543,600000.0,13084.086569455074
0.3462444890848183,1800000.0,11842.033617385392
0.5442074260843446,900000.0,13018.467902744449
0.45510881241221046,1200000.0,8256.60666021781
0.3917661902608044,1500000.0,13739.045507468383
0.15170299653015729,1800000.0,12579.657795767931
0.29272862341250705,1200000.0,12298.422198894383
0.09503057304828688,1500000.0,13537.712791172366
0.009533782613509123,2700000.0,13408.92309532796
0.6401212876746516,1200000.0,11824.46688723683
0.9570616152852014,1800000.0,11419.031986585294
0.9990000650896613,1200000.0,11015.147616228176
0.6419689574413694,900000.0,14057.316989427749
0.30115505927465647,2400000.0,14988.288050905614
0.150622710500246,2100000.0,11547.638225603787
0.6976998131398479,2400000.0,12204.06040174152
0.9990212568630955,600000.0,13594.12542480932
0.5483934873729356,600000.0,13981.081226869199
0.6053701665252433,1800000.0,12148.923516102072
0.9584022285528341,900000.0,11299.938219281074
0.30655674996354654,300000.0,15040.629856781667
0.2584734680149964,1200000.0,13797.606537361966
0.2093728796077864,1500000.0,9604.534926400596
0.6451369681323068,900000.0,12369.083507264955
0.5433450280178584,2100000.0,13298.290016542658
0.15981998719979318,900000.0,15239.850053976434
0.0583956167937798,1200000.0,12641.149278106643
0.5032653320394259,0.0,15485.245738003745
0.8994135101394888,300000.0,15498.245528049674
0.9099494655954653,0.0,16064.874081771577
0.008904554840847845,2700000.0,8410.186140122338
0.05365480009439827,300000.0,14542.075322570397
0.298127757303403,900000.0,12387.224115521043
0.8070610046169997,600000.0,12961.272693275547
0.007706183985698556,2700000.0,12772.841503794716
0.740996463471864,0.0,17493.75098223009
0.24739225456452574,300000.0,15718.332272141577
0.14043295395822553,300000.0,13770.53458741915
0.045914146974087355,2700000.0,10387.358807596753
0.2939347879293066,1500000.0,15180.94889698972
0.35291791239897663,1800000.0,12962.466915009718
0.6026050379291421,2400000.0,11951.744458925947
0.9959510347872403,900000.0,12408.878556792492
0.5543112113850854,300000.0,13805.681424014083
0.909866229633717,2700000.0,11204.218493270937
0.20777577521228974,1800000.0,11451.802569297057
0.6475938713411981,2400000.0,12933.642341904868
0.5060504289236978,2100000.0,12952.296091904867
0.5427796099742139,1200000.0,12646.264487843999
0.8405315180958901,1500000.0,12188.545545335079
0.055650610333349504,900000.0,13657.219877506632
0.9944780731547895,2700000.0,12493.41053338891
0.14917926752002442,1800000.0,11499.521134902967
0.09614394266568627,1500000.0,13392.849189076216
0.2940010717554107,0.0,15847.588405647399
0.34842753401603055,900000.0,11220.294934469543
0.406956135789304,1200000.0,11416.822472563703
0.6439837376831095,2700000.0,12087.605654231229
0.00854691422797127,1800000.0,11402.54440891229
0.34451449681492974,300000.0,16997.451510256076
0.8955685194693326,1200000.0,12664.535860042304
0.2066276908530723,900000.0,14540.72610931538
0.644646507013319,2100000.0,12605.765658874563
0.6416330209728349,1800000.0,13472.862939439461
0.9492182295442341,2400000.0,12655.002499898432
0.20234851476749793,2400000.0,12243.491956120452
0.19877829500568145,900000.0,12986.321108351116
0.6066764709051594,0.0,16165.41455141579
0.8588599643442871,1200000.0,10933.359825435411
0.950157527721935,0.0,16176.282880622352
0.9023963419112323,1200000.0,11584.345298217506
0.008712816797700862,600000.0,13721.916556372591
0.5061573650174247,2400000.0,12922.950973381927
0.40145165143652506,1500000.0,11101.042011445217
0.6441024865691617,1500000.0,11166.80100579687
0.8546992214990342,2700000.0,10801.471897614903
0.14785505826991685,2700000.0,13331.101172198656
0.6420001590842537,1800000.0,14017.926987357208
0.6954688480757141,1800000.0,10325.915227798832
0.009313618638110088,1500000.0,12753.614317857166
0.7057003426653419,300000.0,14688.136816383303
0.3471210732192883,1800000.0,12354.3815817811
0.8472878672535693,2700000.0,12437.185129991261
0.15629842107386482,1500000.0,12626.879889493654
0.14528281409917687,2100000.0,13737.285331018858
0.009753045701123675,2400000.0,11929.11511793702
0.39351610056549635,1200000.0,10301.929659764539
0.14547890318970802,2700000.0,11568.412184242801
0.20327276470587352,2400000.0,10210.289551731332
0.8597964075534184,900000.0,11913.87184780147
0.00823903500253298,1200000.0,11755.058820542614
0.7452851362209243,900000.0,11181.923071677627
0.5401099604114585,1500000.0,12937.84064091416
0.6423783700578172,1200000.0,12155.570046446403
0.0977294715552951,2100000.0,11958.233427393126
0.9540513830488497,900000.0,11561.417510390118
0.1972906807028587,900000.0,13754.701861622243
0.6481946327349156,1800000.0,13845.44072233042
0.10958049907620615,1800000.0,11685.25609800637
0.04270645633184289,900000.0,13558.622087509599
0.00891792980884376,2100000.0,9502.896057541358
0.7431019526406561,1200000.0,11367.79261958875
0.2005102963937926,1800000.0,10947.100993935625
0.590591007741522,2700000.0,12421.713571000118
0.9542242762478863,1800000.0,11047.034442557062
0.7446772620907949,1200000.0,11079.356316986765
0.5078383820974524,1500000.0,12812.955747712344
0.1438787760134027,600000.0,13525.740202577765
0.050214053205927534,1500000.0,12182.212291001953
0.3059586894826727,600000.0,14820.784749684191
0.19460761274273153,1500000.0,13701.497298285178
0.0444244370846163,2100000.0,13872.318852094793
0.25757595846175685,1800000.0,12098.542874398798
0.6487149562070337,2100000.0,13131.719039044332
0.6998610717092238,600000.0,11320.151335636348
0.8415220019757564,2100000.0,12194.266938755718
0.1494321506512315,2100000.0,10943.732264022683
0.8913757605232098,600000.0,13656.380591516618
0.597114793593582,2700000.0,8585.81510774249
0.19697777040290398,300000.0,15326.092021851344
0.39565193075872684,2400000.0,11948.398154288792
0.9466601393224132,1500000.0,11353.778906654807
0.9923479094993298,1500000.0,12018.819275217544
0.5985919947976852,1800000.0,13008.424323173329
0.04325650686352345,0.0,15687.2746069679
0.6498862483092049,0.0,14680.18755659819
0.2940207319198781,0.0,15056.793978546239
0.009916393992781991,0.0,17698.55518776456
0.990757389250539,2100000.0,10567.117517701208
0.10481382057944089,2100000.0,11862.835514193599
0.5571653247482056,900000.0,11977.242435836777
0.9555887194032786,1500000.0,12014.699862931977
0.10073294709273417,0.0,15782.421367590847
0.5013093151657426,2700000.0,13531.884198958134
0.1503695876183918,2400000.0,10896.099401009125
0.35785072220818326,600000.0,14756.006112752422
0.10671469418301494,900000.0,13401.034578110963
0.006772602590543131,2100000.0,13398.298685288688
0.5932401591240454,600000.0,11203.683730774435
0.6084739106898835,600000.0,12258.265034510368
0.006461969008185742,900000.0,13204.311006854105
0.5497214237824026,1500000.0,9898.708194734207
0.2479584938156395,2100000.0,12378.153856426297
0.8573843055134418,2400000.0,10660.109830307914
0.39770607786943746,300000.0,17308.746850435648
0.4969184561244162,1500000.0,11509.090483194484
0.8900994357666039,1200000.0,10175.96765027683
0.20372752524966808,1200000.0,12403.26976623848
0.6537930411900508,1200000.0,12604.755662351467
0.30537327743373377,2100000.0,12224.556895277205
0.6085597018529452,2100000.0,11342.665269134435
0.6955048613957309,0.0,16018.639444976972
0.503124937674112,300000.0,14396.354182510426
0.7556793659161228,2100000.0,9932.198115812764
0.5510871310665003,600000.0,13869.946251324418
0.6474398519900504,600000.0,12738.569455435685
0.8059495472348567,2100000.0,10757.519428222917
0.39947682886498426,600000.0,13615.701282860404
0.10285792081419187,1500000.0,12966.820674357868
0.49534073151931735,2400000.0,10406.468200167234
0.7530908770602903,0.0,17357.745405001406
0.09865293640733763,2400000.0,10457.129849535091
0.8954887907654889,900000.0,13188.545046433122
0.29058620796909085,600000.0,12880.916253641493
0.34716278250663535,900000.0,12107.993965143929
0.35033096450957113,1500000.0,12898.454096644613
0.6448444034098129,0.0,14694.37622669297
0.6996379412466518,2100000.0,10059.283060307915
0.24706555673098973,600000.0,13670.91824034838
0.8025262771239935,300000.0,14390.646756042805
0.35069499477959076,600000.0,13304.528310812873
0.6954373830180541,1200000.0,13897.57982934402
0.603470189866349,2700000.0,13447.873935615647
0.9551914046715919,900000.0,11723.483342280088
0.2577192656290521,2400000.0,9413.790360674584
0.30359499895816633,2400000.0,12967.112418733246
0.30268433398643857,300000.0,16657.069280855194
0.24392036856142252,300000.0,14776.738154631641
0.09840686945368704,2100000.0,11214.109065361241
0.6929228855807628,2100000.0,10384.711720008912
0.44988260502222877,1800000.0,15272.566914624496
0.4045015993206267,900000.0,10807.922413280829
0.007716293745445579,2100000.0,11842.12155422876
0.5562180330864773,1200000.0,11461.609714346487
0.24948712356479696,0.0,16039.84605526459
0.4553544570034975,0.0,16109.179017821683
0.009951633324803977,2700000.0,11545.966362339535
0.7013391985168442,2700000.0,11394.626880162774
0.894493044656124,2100000.0,11606.454355613752
0.7041246216852248,2700000.0,11445.854101260498
0.7932517625737934,1200000.0,12113.316009291426
0.8947622058985703,0.0,16265.615014697609
0.9980988592709276,600000.0,12867.86352785188
0.7016264345040286,300000.0,15428.630827151692
0.9575220741364365,900000.0,11982.03574115053
0.2043751211371051,1500000.0,11388.3970537868
0.9936944041635576,1800000.0,10449.773771947617
0.15281194561447486,1200000.0,13615.212799054867
0.3925691241810977,1500000.0,10938.798471786355
0.2999177511841423,2400000.0,12162.272658863023
0.8514463480947524,1500000.0,10924.422896401516
0.750650845852165,1200000.0,12342.074127602558
0.19419212016010712,1500000.0,10143.713203419202
0.6999714991795882,2400000.0,12563.142168577438
0.551132890095394,2700000.0,11187.206962209188
0.3547209134395698,2100000.0,12436.424249646605
0.6551718107313356,1200000.0,10844.38238596056
0.6978397599416577,300000.0,13374.195421529721
0.19548563880881697,900000.0,16583.752451491448
0.7915475194859413,1500000.0,11815.110996239056
0.04791602229831193,0.0,16441.46718055712
0.9585570241708207,1800000.0,11990.594212717913
0.34150625980716376,2700000.0,12831.685222959246
0.9585403842443649,2400000.0,11419.524971139206
0.6923560351362998,2700000.0,10825.469310545897
0.10335391666626004,1800000.0,12885.6349417116
0.8428355980154907,0.0,15809.664588358588
0.15473703882223122,0.0,16007.82657621104
0.19589946087803933,2400000.0,8962.739178656973
0.6481589092634696,2100000.0,13512.557405392372
0.5065527877432248,600000.0,15034.074873916828
0.6095895324464553,300000.0,13062.381171433753
0.09030397481715124,600000.0,18131.896491528514
0.5490192714519629,2700000.0,10282.400887781487
0.9091818218108886,2700000.0,10862.555073211106
0.35566875704712375,2700000.0,12194.727494895958
0.3074700704827875,2700000.0,11762.24460722752
0.8523592139194941,900000.0,14267.452868033924
0.3991407883038013,0.0,15787.45450706435
0.5577560364112454,1800000.0,11195.431191870472
0.3082194852089203,600000.0,13845.237326514227
0.25639928975506665,900000.0,12054.794927417859
0.4911011549723634,1800000.0,15417.407060309584
0.9017591872108909,2400000.0,11238.724208383346
0.8451585505770501,1800000.0,13269.534430812002
0.9092636678123742,1500000.0,12461.70068277795
0.5408397873683153,300000.0,16371.35836044505
0.4928490459292446,2400000.0,10733.376322429642
0.09866569828957028,1500000.0,10841.328439145373
0.7038966152289978,0.0,14499.283170370029
0.7591995723784576,2400000.0,13725.505740202287
0.749476040144183,300000.0,12414.612067148006
0.0561993890034469,2100000.0,11324.735172407229
0.858517529680673,1500000.0,12477.816229135404
0.5497741063143342,0.0,15688.163043375942
0.10800143199296242,2100000.0,12796.783816026098
0.9935051833094635,1800000.0,11302.124092043445
0.751581462049181,1500000.0,12804.61346746945
0.7439871828410609,2400000.0,11413.61653357192
0.29888603969549976,1200000.0,11657.094981741257
0.15606360009194375,2100000.0,14438.411766134514
0.9951177289015354,1800000.0,11293.60144772959
0.3589949424570196,2400000.0,11514.860438713955
0.6913742146685751,2100000.0,12199.826536103295
0.7418801826909667,300000.0,14455.73906913321
0.0062557570500294535,0.0,18555.088076258966
0.09048261023148507,2100000.0,13508.407178491356
0.9077938382433024,2400000.0,12526.651021742786
0.8565989304305979,900000.0,15139.723283106483
0.44829735792236913,1800000.0,11857.47980987939
0.5033633082443811,1800000.0,10326.083265922789
0.2969791847070714,600000.0,13420.4883939278
0.9005600840522432,2700000.0,11875.480294554063
0.3489040423896894,900000.0,12685.098878508172
0.2534515359918841,0.0,14692.799754860021
0.647587321818484,2700000.0,11497.301994318068
0.9080738116111825,300000.0,14355.447442960825
0.849171349468851,0.0,15051.25443286609
0.405243144047452,1500000.0,12904.429886630522
0.15204669953894356,900000.0,13827.817722297723
0.7504734452868096,1500000.0,12642.23454367284
0.7571234799545974,2400000.0,10703.233965326894
0.09291185902057786,600000.0,14073.852261061753
0.9591942714763307,300000.0,14082.764057838345
0.9468731740904998,600000.0,13259.501059247204
0.6092263406218144,600000.0,13917.064409733617
0.5484198618486178,1500000.0,12130.26731375576
0.043797860770263486,1500000.0,10564.49024768043
0.9914628808942842,0.0,13178.131775010737
0.4965578334393428,1500000.0,9719.666283562037
0.4031091234613803,1200000.0,12883.452669448128
0.5906062287837157,2400000.0,11556.552190841292
0.048862205815720205,900000.0,14032.653036712192
0.5075357588389727,1500000.0,14765.357437435094
0.2968380031342983,900000.0,13096.798599293194
0.6497187421326257,900000.0,12040.493350486968
0.04246510220085631,1200000.0,14504.424115821359
0.5567802234822372,300000.0,14128.372801209583
0.3406335643015591,2700000.0,11720.34862780675
0.7543500605111673,0.0,16258.125955436195
0.9979328627295829,1500000.0,11587.87345680108
0.005979042962437897,2100000.0,13130.23354567332
0.3508934831454945,600000.0,14841.864839771517
0.3995308360231741,300000.0,11601.860161136221
0.690619558856183,1800000.0,10693.174975285116
0.007476394412582521,600000.0,16582.657351216996
0.890240008906341,900000.0,12121.731716727301
0.3035785175692143,2700000.0,9542.977095778215
0.4984137105001013,900000.0,11427.10787099378
0.5980057313062417,600000.0,14504.524977458817
0.9481557549088812,2100000.0,11313.242648659732
0.8038273616459355,2400000.0,11094.59227174275
0.6064905503918767,300000.0,12717.079515422674
0.9018439022004301,300000.0,14928.016190740836
0.455926125958102,1800000.0,10528.79652227001
0.6468167046297757,300000.0,17010.364799249994
0.20914231224790558,2100000.0,11755.77400870739
0.709090875816518,600000.0,12616.438808187675
0.9918777673675013,2700000.0,11858.809312583886
0.5514054041491658,1200000.0,14136.546224618165
0.054232728102349026,300000.0,15599.014506200123
0.5450618670944951,900000.0,12449.892098778288
0.40955066989246336,1200000.0,13563.895575360548
0.44166711889750276,1500000.0,9777.241584283005
0.14028426615570333,1800000.0,10723.867033123232
0.04257851076289032,600000.0,15615.371217540272
0.6989789009466534,1800000.0,12640.333929469087
0.9491390964194432,2100000.0,12408.393298763529
0.4430840503794159,2400000.0,9897.39157567471
0.04050715342929745,2700000.0,10736.408138904922
0.6437241459761806,2100000.0,13384.268283005627
0.15655750301106164,0.0,18640.020482698907
0.00829918963660603,1200000.0,10959.33918894363
0.9484443952032799,600000.0,12087.595267860272
0.3093533174185433,1200000.0,13951.121019182769
0.9013271889581541,1500000.0,12619.793014036466
0.5028880862516544,600000.0,12142.065784867933
0.5912735754374742,1200000.0,13254.998776541006
0.8098414955733575,1800000.0,11296.448160239393
0.5068168867538465,2400000.0,8903.245652374804
0.2437785058375881,600000.0,14630.04337775505
0.2022153061572658,2700000.0,9807.538930344444
0.7046657468582715,0.0,16678.55977904724
0.9964682508489722,2100000.0,12504.147841372638
0.6949243008745425,900000.0,12221.205199850332
0.8465661057046366,1500000.0,12367.141887638008
0.6951545062693036,1500000.0,11006.318353568024
0.4931267887152624,1200000.0,12195.959874513357
0.6088330648710858,2100000.0,10076.987592294066
0.9435645635171431,900000.0,13350.024916316384
0.35206030610510397,300000.0,14832.615707717856
0.20893818829893085,600000.0,15377.156763553785
0.05144029658780702,1500000.0,12766.778486291887
0.20776478033513024,0.0,19306.845864363833
0.755788525130617,2700000.0,12818.355448224822
0.8450920600943197,600000.0,12900.432592415737
0.591930453231623,2100000.0,11709.071264086544
0.24118517190166733,1200000.0,10386.659456450849
0.09637208911174688,0.0,18733.820761204755
0.8015389029594315,300000.0,13655.825515090935
0.34568742611654446,2100000.0,10548.36637423091
0.20915156587031136,2700000.0,12286.184826015058
0.6495097690859846,2400000.0,11088.057456020053
0.19263703069707905,900000.0,9976.950490084368
0.7014578890706638,300000.0,13788.34545525709
0.4453754721068114,2700000.0,11498.978672077534
0.005838777883345525,600000.0,14786.082687215247
0.29704544570440783,0.0,16124.511545981084
0.4954518057022226,900000.0,14221.955378207464
0.2554280911116167,2700000.0,11633.00976631016
0.8547123014552269,0.0,16297.658661973259
0.3917757851968098,2400000.0,11271.076768480925
0.6913410201585963,2400000.0,12831.511028195144
0.19978304554948556,2100000.0,10689.00701120996
0.7480543402823523,300000.0,16424.60470052178
0.09734038159896563,300000.0,16045.15142765855
0.8471917107600673,2400000.0,11224.974229231839
0.743622301192939,1800000.0,10916.746219419525
0.9990231517171474,0.0,16545.463886205587
0.507682480004535,300000.0,13753.42690119604
0.39512973698272835,900000.0,10852.709359665698
0.9017918427060033,900000.0,12667.744036426096
0.3595914229543391,2400000.0,13097.224870116239
0.9512662922296847,2700000.0,10120.656267732516
0.3036339450754142,1200000.0,12190.422087964804
0.9043477651547958,1500000.0,13336.745873230497
0.2972096896020665,300000.0,13273.11557648487
0.9990249402565673,1200000.0,11121.635643720956
0.8558949709493155,1500000.0,11199.258416574105
0.3560827722190758,1200000.0,9525.96646716047
0.9440119259016649,2100000.0,11117.060233696135
0.35114215842735486,1500000.0,12888.693417392953
0.7041882000450183,1500000.0,12969.79105682662
0.4488688776444075,2100000.0,11806.233933621706
0.19451348444743355,300000.0,17069.303414556547
0.6445216479084157,2700000.0,11032.139977103747
0.04146343262766494,2400000.0,10645.185509196392
0.9974764599316652,1500000.0,11069.59974227587
0.4558285189614245,300000.0,13382.25175993349
0.7025934792161191,1200000.0,13847.833522998983
0.8408936229926425,900000.0,13445.47289581183
0.5992939406348488,600000.0,12947.891042539113
0.4944385027262116,600000.0,11183.267750567147
0.20139863053460927,1500000.0,11550.876327809536
0.6572415040405759,300000.0,13706.03556231198
0.29936973791515864,1800000.0,12429.983330637699
0.24072204901220817,2400000.0,10251.210637256661
0.19682023107368507,0.0,16557.812489260585
0.9917107077761881,300000.0,14003.39781456295
0.445703573021097,1200000.0,10438.50261624255
0.7472400969594284,2700000.0,11290.110028748151
0.4501822090483426,2700000.0,10291.76695626325
0.35840689273492,1500000.0,9994.708376652103
0.359254097047048,0.0,15361.46694450026
0.647822232237857,2400000.0,12134.141180533743
0.45040750259297524,1800000.0,14169.732232373774
0.09710960363480414,300000.0,17101.5926139131
0.9014472200675983,0.0,16988.037274521954
0.1416449023182036,2400000.0,11277.303254176695
0.15699697202703022,900000.0,12691.030231237382
0.5538277012705695,2400000.0,9623.792765360688
0.34308212825582696,1200000.0,12359.861441356185
0.30264265546668845,2400000.0,11187.5470704838
0.8090485895504095,1500000.0,12519.555525326332
0.2018200036345954,1800000.0,10610.374876720607
0.40146243250580926,2700000.0,14812.213658899187
0.5556002621901314,2700000.0,13244.81291415082
0.8014995923519842,0.0,16091.198733557072
0.6092365000019518,2400000.0,11699.387265717842
0.24751065532065675,1500000.0,13114.938027395046
0.008038139174669667,1200000.0,11182.576920969073
0.646272546084777,2100000.0,10868.313075258566
0.9482794580653873,1800000.0,11628.725947781162
0.9921938966551024,900000.0,11705.990465297758
0.19980814523387858,1800000.0,11933.099831015988
0.6068819763805655,300000.0,13606.781764485253
0.05286193547800189,1200000.0,14232.889443897293
0.15745215566914528,600000.0,14407.774658522249
0.8572755051928861,300000.0,13727.115131795288
0.04944509981101053,1800000.0,12240.088952318969
0.4515698617030848,2400000.0,9606.04788427691
0.7980522739981731,2100000.0,10120.646319831572
0.05170803215810571,1800000.0,14423.183861280047
0.4575023373715402,600000.0,12264.311590264673
0.2510168855282726,1200000.0,13893.628410888046
0.25183686582950626,0.0,16564.252568828146
0.843773915793231,2400000.0,12002.397093545915
0.14351807049829124,600000.0,15079.843479301373
0.05593066051892703,1800000.0,12473.934916006676
0.6043552019100589,900000.0,11982.770926181582
0.00800247575266888,2400000.0,13398.493311067661
0.3501568349215589,900000.0,13421.154441257582
0.14990305077928157,2100000.0,12397.1851612965
0.6514997878930624,2700000.0,10851.451674844793
0.5402360838497918,1800000.0,11115.699281729585
0.6474422192620868,300000.0,16113.386809209147
0.8932311606999451,1200000.0,11237.008960763591
0.9938552446810961,2100000.0,10871.06990937638
0.04701584018806937,1200000.0,12576.772762913288
0.10806388355352681,2700000.0,11438.825269015426
0.29791982471299716,2400000.0,10967.705698636335
0.24205907936064341,300000.0,17080.561721759495
0.953888268269362,1200000.0,12436.2757436103
0.7550330110446931,2700000.0,10869.254388255307
0.8032732397356067,0.0,15670.766964287059
0.05972081921059158,2700000.0,11850.298772774682
0.45460611698159015,1200000.0,12009.109561375044
0.6491097778187727,2400000.0,11474.4452443009
0.8065103728626825,1500000.0,13128.981705874041
0.6994045523249074,900000.0,12182.40050379942
0.9915838847131998,600000.0,11315.485100128635
0.30058244403576484,1500000.0,12674.345706500491
0.2500691751175693,2400000.0,11821.133390240764
0.7934174053119545,900000.0,11464.56245819583
0.6535252985406124,300000.0,16221.931595926171
0.744764685701939,900000.0,11937.78398621164
0.8499583560823847,2100000.0,13455.614750732642
0.5989983929253745,900000.0,13437.4426835146
0.6432501965555568,1800000.0,11132.126702947558
0.455210197068285,300000.0,15580.844874975639
0.006194666510847768,600000.0,15267.147882266207
0.24996119656376525,0.0,16922.44900104038
0.6965899080619162,1200000.0,12294.144120976938
0.19317498005313294,1200000.0,12411.971605048995
0.8043079578055318,300000.0,15414.761050222782
0.5985051227919328,0.0,16308.747600986511
0.008945121363709063,1800000.0,14276.405251803955
0.2908139784083805,0.0,15604.119698460729
0.20780046116665318,2400000.0,10219.829609931896
0.3568587627259744,2100000.0,9524.9042581379
0.6056010509737978,1800000.0,13206.344492156057
0.9925715125216336,300000.0,13630.814238610663
0.007778750078366259,0.0,16725.593647400365
0.6460445553814511,600000.0,12496.769388932544
0.35279866385687997,2400000.0,12020.456137249745
0.5584532982414232,2100000.0,12960.160952544848
0.25491066167396237,1200000.0,11782.387828094033
0.10006768044859171,2400000.0,10115.048350781843
0.40000925558778,600000.0,13955.482465248464
0.391727732551563,1500000.0,14606.4369431197
0.957456854319931,1500000.0,12777.884726515755
0.10067185072018281,900000.0,9917.417915368007
0.9941592642027766,300000.0,15235.174991021879
0.6519074668355789,1500000.0,11439.642604501596
0.8498306069714593,600000.0,13246.630227339303
0.009426255359038849,2400000.0,13447.05755509446
0.14234553836777197,1500000.0,14637.461422322522
0.9020204751435484,0.0,15782.210929060304
0.5074772563836274,1500000.0,11376.618595870232
0.30609416447772364,900000.0,13368.17172092119
0.9976327096784042,1500000.0,12837.396674113843
0.3047843975364918,300000.0,17460.31596532725
0.7499631266333868,2400000.0,10910.29108845857
0.45157402379938905,600000.0,14165.936664988498
0.9477709905673486,300000.0,14430.333100330838
0.09371181638038506,0.0,17435.615176439005
0.008686269709174521,2400000.0,11892.448295126787
0.9414940577742474,600000.0,12033.807528806656
0.7976487307998976,2400000.0,10719.516472401001
0.29843867123938594,900000.0,12046.926858871844
0.39451069816061535,300000.0,17391.93094510429
0.008725975761684324,600000.0,13835.418418446923
0.2514254859371099,600000.0,9812.811269279711
0.7988488918966933,900000.0,12431.423928279033
0.005695062078412749,2100000.0,13084.907307988897
0.8024215903986657,900000.0,11635.327000425686
0.1955887587055174,2100000.0,12088.170463022027
0.9009103045542295,600000.0,11866.915632576098
0.10399865519812945,1800000.0,15355.868604372592
0.9081969029489403,0.0,16160.972135634322
0.3401285133361148,0.0,14827.533358896291
0.397391700892886,1200000.0,12069.049537497905
0.30798889363605886,600000.0,13020.302779431104
0.1501872614103501,1200000.0,13101.935786581726
0.5499345583282274,2400000.0,12173.085434023886
0.04836017398978365,2100000.0,13808.30440839683
0.9405325902748457,2700000.0,11481.625544879069
0.9584747992225768,600000.0,13088.873275589622
0.9922654931776255,1500000.0,11001.576506260955
0.853326566164385,1800000.0,11353.817895257027
0.40248743429114453,1200000.0,17078.12499346791
0.9906957964278802,1800000.0,11325.706248886021
0.7906634706998826,600000.0,12442.253695935708
0.35545487699618283,2700000.0,11676.225671461334
0.6038814375499562,2100000.0,11126.396787064814
0.15892709680266148,900000.0,12843.572407804868
0.00938376819818676,300000.0,16822.408224408897
0.5558043038260246,2400000.0,12096.569884865541
0.9582955494343551,600000.0,11648.84514428358
0.10326274869961738,1200000.0,12448.553321797102
0.8597625978282548,300000.0,13821.84826423982
0.25741185269730915,900000.0,11238.765256564844
0.34463073909784636,300000.0,12472.206783484648
0.8599237067485672,2400000.0,12697.838001380096
0.44789800561269644,300000.0,16309.346618106023
0.15178401029906485,300000.0,17458.74532822809
0.5495199548605081,300000.0,14915.032195040068
0.8029903030507985,2400000.0,11323.977217776714
0.3052816476916118,600000.0,16711.53690522335
0.7958804671714086,900000.0,12404.535030426407
0.14258168163728902,1500000.0,12327.474577995274
0.5478365472647212,2400000.0,10039.02247100138
0.5441228663570933,2100000.0,10199.927845077566
0.8025834102813751,2700000.0,10859.63955168062
0.1499172964126707,0.0,15215.396920213901
0.3536783823622325,1800000.0,11086.64516905669
0.3467065538640526,300000.0,15585.737982632652
0.3077380917087579,600000.0,11970.209388197753
0.15829288922612905,1800000.0,11991.324251246711
0.5026130339692666,0.0,17664.889183455623
0.3433014886763711,2100000.0,13431.16657696457
0.5439752617288746,1500000.0,14072.732085346423
0.9427450846562972,1200000.0,11997.942513650278
0.5075131322401798,900000.0,11775.618467275097
0.5589738978396275,900000.0,12953.534987636798
0.993050329511893,0.0,15888.708092691244
0.3091111095405574,1500000.0,10201.049255888953
0.39563671585449334,600000.0,15903.025343979463
0.9597702929373501,2100000.0,11329.465514933312
0.25131314524568593,900000.0,12279.391622511617
0.009070139398796861,2700000.0,13909.691407396858
0.14599857624947943,2400000.0,10831.955057465802
0.005867239986876327,2400000.0,12339.813254111774
0.3073563376998101,300000.0,14329.043318984563
0.848159328363968,1200000.0,11723.428194667425
0.24439580340728828,2100000.0,9398.582676619173
0.8459776604661606,1500000.0,11278.360799696604
0.09827254610875813,1800000.0,12394.066138569364
0.3506694775631295,2400000.0,10244.514802270261
0.9998824644606528,2100000.0,12702.09535877633
0.5462296924057486,2700000.0,13545.148875633466
0.8977569262252932,1800000.0,11624.187825252679
0.893545252087011,0.0,15378.94247161345
0.8554542210970388,600000.0,12993.642863279012
0.7439499938677252,2700000.0,13189.931598677344
0.40367158127579283,2400000.0,13327.245355456831
0.7405577126045644,1500000.0,12147.592205988354
0.9983955744155211,0.0,16424.794664171783
0.7593758377098918,2100000.0,11825.527631617048
0.007108938628929473,1200000.0,12592.184960026327
0.6060770649470815,300000.0,13447.370141697049
0.6964866185107572,2400000.0,9961.112555000465
0.10463277858265896,2400000.0,11951.49580889522
0.5535379862967367,600000.0,14086.306355069393
0.7408415505103665,900000.0,11361.858581752598
0.6928760212371741,2100000.0,12443.024660507286
0.04750855561231504,1800000.0,11915.739293425433
0.45658239276085544,300000.0,12146.26729941455
0.4536009291825841,2100000.0,9866.54006289384
0.9978465121786398,300000.0,13741.806621104817
0.3475584373983539,900000.0,11490.138219478878
0.5962608742680136,1800000.0,13438.96961705539
0.04685869309844559,0.0,17003.847057284267
0.9091983796179902,300000.0,15183.141455166058
0.7994269616654852,2400000.0,11389.625893696017
0.7585006649739027,1800000.0,11732.418235342351
0.5505350214333129,300000.0,13338.33778722395
0.6415822706624233,2100000.0,10756.586717547096
0.4451253746558519,2400000.0,11143.32112422743
0.09859587720384777,300000.0,16252.276959339728
0.20186618627573083,2100000.0,10048.390738009812
0.5416035210046561,300000.0,16037.752085335967
0.7900795403885799,1800000.0,13555.070944169876
0.058335656176559336,2400000.0,10895.889180795855
0.3020608644177205,1200000.0,10831.01403281373
0.8554741442473452,2700000.0,10573.190674532918
0.9946050349894421,1200000.0,11912.535095591027
0.0588767688231886,600000.0,16337.99582797432
0.8488396800378658,600000.0,12555.350249744884
0.546462018307377,1800000.0,10279.975931261024
0.14155016668211717,600000.0,15556.921459891457
0.7508354197739671,600000.0,13370.149640061936
0.05708120557512142,1200000.0,11230.6546502605
0.255824442442789,1200000.0,12044.16046212262
0.24515928860335778,0.0,15564.041510921918
0.8011844851095411,1500000.0,11900.761041314025
0.9026854149434355,2400000.0,10210.913025303642
0.7505840441963384,1800000.0,10633.802125290815
0.508204395472033,2100000.0,13362.768984531658
0.00671460111858424,600000.0,15397.214667645181
0.3407820367443287,2700000.0,10020.337310417806
0.04158079196080455,2100000.0,15055.885861181721
0.7024639498455201,300000.0,13592.340361014401
0.7447523578415642,2700000.0,14072.00534809956
0.7966459477557084,2400000.0,12127.865691222989
0.4539058667947399,2100000.0,13825.104565671927
0.9433771865810384,600000.0,13460.141088050757
0.6445297777217767,1500000.0,9160.37455826078
0.3525320524572578,1200000.0,13032.763888017813
0.24888636197248704,2700000.0,11664.538853159433
0.1933006494817605,1200000.0,12247.543388597966
0.999000539997772,2400000.0,11248.920204048803
0.052968033213864785,1500000.0,11825.065732385829
0.4962779371675664,2700000.0,12394.77528555788
0.5088608444102403,600000.0,12275.012597303981
0.6998734339735877,900000.0,12450.579031307012
0.49497668169662334,0.0,14656.584175491751
0.39212650555979023,1500000.0,10381.362060037252
0.058468589935583126,300000.0,15119.276327660264
0.7098645982630323,2400000.0,13812.042950193074
0.005580098405942868,2100000.0,12706.262372599778
0.8067850137787447,300000.0,14807.49796414552
0.3477300382803199,1200000.0,11892.293163607601
0.0083750546307082,1800000.0,11215.649013298977
0.5089748399019098,300000.0,13620.07859289236
0.1042715370737266,0.0,17185.931612018245
0.009792974493950335,2100000.0,9406.398113079387
0.9991337382792416,900000.0,12721.219077896929
0.34831372891340084,900000.0,13849.444104719747
0.9975862844257208,600000.0,12606.916704925154
0.8558722961805616,1800000.0,11069.039889040965
0.6029047626968808,2400000.0,9440.526702874322
0.9564289054709385,1500000.0,12346.169874763153
0.7458545408182411,1200000.0,11323.439818500903
0.1459536045688351,300000.0,12035.384184695531
0.24988542478460152,2700000.0,10898.486844067142
0.19864090846088955,2700000.0,12494.031332989776
0.7479826117246569,2400000.0,11211.973473528758
0.25430740504409044,900000.0,13713.035464004231
0.8056466701623005,2100000.0,11834.271421245017
0.009741775837150746,600000.0,17065.898051187516
0.9557762144059287,1200000.0,13879.188010441341
0.4001958667718979,900000.0,13181.645144962942
0.7971970629688897,600000.0,9787.882196415168
0.04630784486985229,0.0,15244.54815769785
0.20848254404823896,600000.0,13331.810763634448
0.5506425942459914,2400000.0,13902.207002105868
0.050363675053931245,1200000.0,12265.098398482249
0.45363458216734154,2700000.0,11790.851875670622
0.7466706817109854,0.0,17387.94698037611
0.7948657103580381,300000.0,13933.132200947746
0.6069830654560975,1800000.0,10266.193593576176
0.1925778338768681,1200000.0,11467.924348205439
0.8455450183067261,300000.0,14708.71915665154
0.0055405807217508984,0.0,18394.38388738665
0.7561118011976597,0.0,15496.785410521168
0.7005903079194926,900000.0,12569.80856650038
0.04114810186461704,2100000.0,12932.701424194907
0.6046231177418485,1800000.0,12028.443298191198
0.45743510678399035,2100000.0,11271.17281781737
0.3901478224932182,1800000.0,9609.377334433279
0.7421307877922594,1800000.0,10966.21278263047
0.25548814645427054,1500000.0,10276.143480699979
0.40839741690876075,2400000.0,12000.842709445556
0.4571612162026121,2100000.0,12141.152322967257
0.6054018606918472,600000.0,12064.848220259588
0.754505755560513,1200000.0,12578.854767778786
0.00870073779095848,1200000.0,15350.767026818974
0.34806755953947466,2100000.0,11797.586609109121
0.4972016984726372,1200000.0,10687.658018404143
0.4425675548723681,900000.0,13012.007604486289
0.8936809774371982,1800000.0,11807.348219448028
0.807258839894982,1800000.0,12331.783779337215
0.04245470872694468,0.0,16364.499295573341
0.1414543690850193,2100000.0,13505.200150391529
0.6906395034443684,300000.0,14625.985411694157
0.4064085677453191,300000.0,15111.264639246885
0.9525803014367176,0.0,16014.078740050221
0.7586257729571046,900000.0,10841.022016990617
0.6902747222354018,1500000.0,11942.644325888576
0.5416028270448154,2400000.0,10727.580816191532
0.6425683283869497,300000.0,12757.276708714324
0.9975793252250177,2400000.0,12608.624811757534
0.5438800505558641,2700000.0,12598.341494448552
0.04357902058684959,1800000.0,10835.536869770543
0.19770954552432662,1800000.0,9102.269543612761
0.7989619588292516,300000.0,14286.497713392397
0.40827512928961585,2400000.0,13752.077659718778
0.7009350366507602,2100000.0,13344.37848674022
0.09106003374305138,1500000.0,11636.485324460013
0.35635212255693227,2700000.0,10987.507291227896
0.04004744706936214,1500000.0,14466.128049969224
0.7541759307254514,600000.0,12800.113535550809
0.35428703825308605,2400000.0,11430.936739249504
0.6010447413032256,2100000.0,11869.512592652769
0.4939862933605912,1800000.0,12249.049952568375
0.09349495082804815,2400000.0,12640.46740824175
0.29992600915939827,1200000.0,10417.3141927848
0.2588960040009851,2400000.0,11958.574634379993
0.2985293205773074,2700000.0,10802.723431322896
0.902215064509817,2100000.0,12121.957930276514
0.6597476781305078,2700000.0,12298.166394266826
0.6450381917972277,300000.0,15309.056374605858
0.9019561172413239,300000.0,13797.583717350692
0.45452298080830533,2400000.0,11217.9056368183
0.6419940126264319,2400000.0,11236.431393960484
0.5437785127451265,1800000.0,15001.625174700997
0.30075103826530003,1200000.0,9305.98017442891
0.25092919017042004,2100000.0,12302.701917392607
0.045748836108096325,2700000.0,12462.554366752827
0.6466094132097804,600000.0,10898.945845507726
0.052014673981531256,2700000.0,12399.42341635142
0.09696200041499625,2700000.0,11860.729099823531
0.20773815032076026,1200000.0,10513.549215038656
0.6404381538149166,1500000.0,9963.007515867366
0.7596715968225787,2100000.0,10648.574678332792
0.44659682866185146,1200000.0,12949.497454842147
0.19546148553536158,300000.0,14147.753382830917
0.45439308953805957,1200000.0,11384.517329076496
0.8432536133474617,1800000.0,13056.140287121052
0.007043909908384882,2700000.0,13112.656822203213
0.9500965747587637,2400000.0,12636.08256379906
0.3410213066858351,0.0,14261.895326583943
0.8017668552299003,1800000.0,11507.243685627394
0.9925211246238703,300000.0,13828.020048761513
0.6958275750975607,1500000.0,11774.756292715749
0.09050726716201785,1800000.0,15867.002697894073
0.10109292201545705,2400000.0,13454.757279664129
0.3411927647482813,2400000.0,11771.379307715262
0.008965319996394383,1500000.0,12928.652654432744
0.006137468042550442,300000.0,17494.61447754221
0.5069577977476623,1500000.0,14399.502062330585
0.8407846347012923,0.0,15222.399207511087
0.1547106389781686,1200000.0,15044.87977998056
0.35446605530793085,1500000.0,12236.85798476365
0.40495985214555974,0.0,14789.538038225432
0.5403138540648518,1200000.0,12856.198331500296
0.6473300041344763,2100000.0,11526.880003838523
0.9599622731514668,900000.0,11952.924528468677
0.7496103144515919,0.0,15779.987602817733
0.8583756518631624,1800000.0,12918.467456841503
0.6481430827294494,1500000.0,12827.996619928192
0.4063656661373932,1800000.0,10398.085494957208
0.3076084752744779,1200000.0,11835.247752154099
0.29873623629770607,900000.0,9634.102982583538
0.7086074847469845,1200000.0,12142.698398982422
0.20801071253382097,2100000.0,9858.851369710672
0.14684244480126218,0.0,15347.025948419297
0.8479049619516412,2100000.0,12040.89398385175
0.5015935021107323,1800000.0,15727.382046962715
0.007247934665041478,900000.0,13834.723535251997
0.7041243836606625,600000.0,13194.273784304174
0.10766248926920341,300000.0,14549.00140728202
0.10458647060692894,2700000.0,9874.643022996437
0.5557714726931913,1800000.0,13356.979611274064
0.6098645963632044,300000.0,15823.442943031445
0.7025474651816764,2400000.0,11129.10037997886
0.8431700861723954,2700000.0,12463.167002114982
0.34721600673436626,0.0,17235.472797197443
0.5970392142129335,900000.0,12142.024192684088
0.5095260211185394,1200000.0,11062.434351604885
0.24336196118784537,600000.0,15193.939063001913
0.7561674129045236,1200000.0,11435.51467731359
0.6418765273838882,1500000.0,12642.045327514288
0.8904984012287687,2700000.0,12100.524946791043
0.599145294042078,2400000.0,11400.382430250987
0.506718216288436,1800000.0,12393.730877259324
0.29424355615769704,2100000.0,10619.732690234245
0.3048410599971729,1800000.0,12312.7185254335
0.9951897271903501,2400000.0,11692.186004666757
0.9968278823731859,2400000.0,11320.782659593166
0.4058137855159787,300000.0,15854.601960892678
0.09885951794066228,900000.0,11451.892129074386
0.8582892419405047,0.0,16651.755529421
0.3465676011995321,300000.0,12954.00282673307
0.9990257836054885,1500000.0,12660.217237265133
0.20203302724628225,300000.0,13710.1357025805
0.6087658044856157,600000.0,13262.585224022127
0.896237247846323,1800000.0,11365.734289300799
0.14791603443906565,300000.0,17292.341233407285
0.14275602969714296,1200000.0,13497.709039794068
0.15389817202030487,2100000.0,14618.300068293522
0.3984368186815177,2100000.0,10353.542910370677
0.9497553776715182,2400000.0,11358.432999614894
0.4576512044571933,300000.0,16483.966967946086
0.941213449776035,1800000.0,12408.28272967807
0.9484032505503504,2100000.0,10554.346246989191
0.1953177377596237,2100000.0,11702.921251662934
0.20516813538330558,2100000.0,12657.965000042555
0.3503056015221573,1500000.0,11812.076285133051
0.39029135706944673,2700000.0,9183.631856540436
0.5575520600973035,2100000.0,12433.844481641792
0.7951882166961005,2100000.0,11452.739827033825
0.9084258362906907,2700000.0,11561.099257970505
0.10113076989959924,1200000.0,11612.420663280845
0.9553904800437885,0.0,15563.098386031059
0.6013833468512203,1200000.0,11327.91872000427
0.24139419990753896,1800000.0,14955.371632746066
0.9525249433568573,1500000.0,11662.399747864156
0.3050636131694674,2400000.0,13909.702684579723
0.5064136712208916,900000.0,16269.734329524865
0.45207959161242683,300000.0,15722.502142838232
0.34985382077993865,2100000.0,12991.414252414068
0.29642203262422395,900000.0,15174.789332775772
0.6459205561410967,0.0,17073.9258220239
0.042242281552301364,900000.0,13839.160016918466
0.6026691426803887,1500000.0,12406.093651697807
0.7903745689311155,600000.0,11903.756602361336
0.4048851384832096,1800000.0,9189.926024779566
0.7559381362405231,1500000.0,11766.133405989462
0.3551831158123707,600000.0,13710.318265662867
0.7549028029000652,600000.0,13144.16739046815
0.40852710560603267,2400000.0,12426.584042726337
0.5066898059602583,1200000.0,11948.307400316718
0.9041397109802148,900000.0,12074.435687327632
0.09446656286458599,600000.0,13566.426383378695
0.9526053343459278,600000.0,12089.210054583906
0.05306972703133883,1200000.0,13005.39268006825
0.7448829152082755,1200000.0,11643.396130439667
0.2581967822260185,1800000.0,10457.826635245641
0.05420792436954858,300000.0,18862.287500532235
0.39888866595676187,0.0,16571.76428902667
0.6409183568782546,2700000.0,13545.82009663353
0.3590360670015942,2400000.0,13846.7030399787
0.6415098872293024,0.0,14613.701213894397
0.25201950601333545,1800000.0,11834.906241606108
0.29265806485878054,300000.0,15339.39885299188
0.44560627776701456,1500000.0,13212.609811848744
0.6446452666065146,1800000.0,10962.151787038983
0.6948499875213374,0.0,14835.07165655885
0.9599081715836477,2100000.0,12867.968219908114
0.4012713792634204,900000.0,13243.782591810106
0.9421675739766504,600000.0,12828.283767775774
0.5061879292626663,2700000.0,9358.707988510383
0.09430534621016429,0.0,16551.17352420073
0.943848409942473,2700000.0,12173.345523880585
0.454150476149054,1800000.0,10767.472471941275
0.30527910067190855,2100000.0,10776.01036882559
0.8498406889294392,2700000.0,11666.968311493234
0.7923688636190651,2100000.0,10966.402766172221
0.10194908173258421,1800000.0,11749.504180759097
0.752401010674427,1800000.0,11817.705266448264
0.6900422585965907,900000.0,12411.280178407644
0.6488492364733649,2100000.0,11370.385868866537
0.09493383767672803,1500000.0,11080.738308879054
0.008294605931874588,900000.0,12020.230038884203
0.447863602845184,600000.0,11664.619215707356
0.5063845892540428,2700000.0,9936.50333234317
0.09706656599783647,2700000.0,11996.689905164209
0.9566756689475989,1800000.0,11362.023505255283
0.9923034559493406,600000.0,14005.119407768916
0.9023364328684311,1200000.0,10963.131734392247
0.5419323694801409,2100000.0,11572.353865669229
0.8500429270113393,1200000.0,11997.59962136879
0.7948207155202255,300000.0,13138.35827905471
0.09452313503402465,2400000.0,13948.357566082763
0.6943623048129501,2700000.0,10804.501753111614
0.04282186025295742,2400000.0,12238.341808659332
0.9025818283207265,1800000.0,12856.208360468356
0.14645648946046608,2100000.0,11998.275786482589
0.7580205418598197,0.0,14452.180050061863
0.14653072014975188,0.0,16403.72908535497
0.24626376125910088,900000.0,12305.922575399754
0.7085565715993587,0.0,16770.753349692215
0.3480301964839576,2400000.0,11175.058603188909
0.642516884864792,2100000.0,10925.070273631596
0.1983624700209483,900000.0,12971.681906808593
0.6449088352576577,1500000.0,14119.076861994845
0.14527320176116743,1500000.0,11450.741678205928
0.7590849592432873,2100000.0,12997.845486718415
0.9920297392697647,2100000.0,12054.759240692722
0.256583786240292,2700000.0,10612.00122641509
0.6409403937183229,0.0,14823.355039279188
0.2944009442815003,2100000.0,12536.316226786259
0.6968162889194824,0.0,16152.151744130457
0.6068558083502886,1500000.0,11020.247409775575
0.25507264306602684,300000.0,13830.25890846317
0.49607915984327045,2400000.0,10654.322018950676
0.5997248856678408,2400000.0,12048.010340371107
0.4444465833524379,2400000.0,12652.540031844255
0.9527071979576548,0.0,14966.80755951668
0.4012471892303394,2100000.0,11006.75021533324
0.9506652117363577,0.0,18194.647814172793
0.6494624042882855,2400000.0,9427.154710385212
0.2938946823184787,1500000.0,11922.017224901027
0.9476706215741039,2400000.0,11123.851529095831
0.29570024347274104,2100000.0,12209.548265079859
0.8998830882168196,1500000.0,12368.315677997389
0.19595252250067596,600000.0,16434.84384427505
0.15944147105704365,1500000.0,13321.637322260349
0.6915967106213334,2700000.0,9812.286180038504
0.9947524602115665,1800000.0,11789.873370733923
0.2083013323015449,2400000.0,11849.981222384706
0.7448855559722662,600000.0,12157.819743331249
0.15295441778570074,2700000.0,12980.015803974764
0.3909394246498181,1800000.0,12349.863947879669
0.6015490824958807,2700000.0,11369.820825471452
0.9960692962969554,2400000.0,13000.86963692062
0.7521975454783558,900000.0,12472.659341944493
0.7990889369497185,1500000.0,12423.036037066657
0.39262872736784127,0.0,14983.205197824303
0.908953354297346,1500000.0,12906.0143348687
0.14233610275635922,2400000.0,10791.196960879042
0.8039821664476022,900000.0,12575.804058627613
0.1530600685512843,900000.0,11853.214644622216
0.1071609174547068,2100000.0,12388.639559869842
0.6412791721819034,0.0,18020.410379918638
0.24722512208971226,1800000.0,8759.619336599635
0.7467786248138674,300000.0,13998.518734669817
0.9922695296269866,1500000.0,11734.402306046723
0.8908550922490643,2100000.0,11748.471310505329
0.2921409114802863,1800000.0,13175.210709633131
0.4419292637127652,2400000.0,12139.28391615011
0.20072058877122534,600000.0,12292.8798741249
0.2414900466586879,2100000.0,13130.153413644055
0.14586656595663872,1200000.0,10901.610120205492
0.19170279900100207,1200000.0,13044.911523660272
0.04533581748101678,600000.0,16553.71456670621
0.3076652492075661,2100000.0,9280.69544266154
0.8900204316766177,0.0,16720.965256964955
0.8530009746771471,1200000.0,11437.70292016673
0.3993609203990126,600000.0,9818.424445323117
0.8473342238585964,1200000.0,13990.449233383099
0.14379449436430736,2400000.0,13044.445286580358
0.2528833421108213,1800000.0,10382.608575230395
0.25076832623410616,1800000.0,14368.524160116602
0.30642623459528684,2400000.0,11776.438905947214
0.8969802561141209,300000.0,14812.954612709487
0.4505464893972948,900000.0,12540.304909075543
0.9581650434799086,1800000.0,12114.090330590472
0.30885092948633475,1500000.0,12823.93169285658
0.8509088886858627,600000.0,12581.956607850254
0.656540790791287,900000.0,11072.032817872407
0.8988389241807943,1800000.0,11270.992283144493
0.2984073418461768,2700000.0,9930.971525516687
0.04232214018304048,300000.0,15557.747327302895
0.7594439106499005,0.0,16978.418233537526
0.6567114282224067,1800000.0,11901.936933568391
0.10026554386631814,600000.0,12002.674522661962
0.40153557811407237,2100000.0,13394.319838790698
0.20460268457028985,1800000.0,10729.714272209698
0.6054994580643077,2100000.0,11145.07519731284
0.4499751970749062,2400000.0,10722.042324512367
0.6909417766519639,600000.0,10677.918538219446
0.9007584358738788,2400000.0,11259.2569905448
0.7443495914094509,900000.0,13440.980013229606
0.7576770837648875,900000.0,12943.76170839049
0.9567410967804224,2400000.0,11057.906596080034
0.24980423052663203,2400000.0,14869.109526671798
0.6964254302614794,2700000.0,13652.10618206389
0.646972591901191,1800000.0,10583.333380538763
0.4547559028764373,1500000.0,13715.702811691845
0.4575378668235124,2700000.0,10347.848761397301
0.7960789681451182,1200000.0,11836.34147222592
0.14628953799161915,0.0,20058.880604321515
0.3462472767352518,1200000.0,10525.280405684205
0.5090092704759236,2700000.0,11358.596816894107
0.15913220747954626,1800000.0,10917.024294685185
0.24834842473492347,2700000.0,10528.612258733088
0.6979007158837851,1800000.0,12470.516557513289
0.7947700234521706,0.0,16094.01640997996
0.44034756136536646,1500000.0,12328.326215076466
0.19646831106836182,0.0,18931.620895320422
0.5942816893789411,900000.0,12384.40807252349
0.5439448855796539,600000.0,12296.75709103168
0.8086410968403951,300000.0,14121.350485871737
0.09210239326570047,1500000.0,11396.764391738488
0.9002116130817497,1200000.0,12450.976101180446
0.20596413044414308,600000.0,14100.052127632238
0.9064714824296096,600000.0,12635.07334402033
0.24529678636371632,2100000.0,12200.210301962064
0.10567563595906626,300000.0,14112.271065853742
0.2026158594566122,1800000.0,11418.041319036105
0.45255601384044186,1500000.0,12589.072998174239
0.496604156853514,2400000.0,12484.67534510298
0.8571078433535825,300000.0,14371.933239600387
0.7081067098789793,1800000.0,11038.338986557246
0.007621760532727007,900000.0,12525.71392480275
0.4961811025341508,2400000.0,10805.119692893506
0.05233104418333134,0.0,18171.7623484236
0.6934914894185821,1800000.0,12064.239358997806
0.8438316851198546,0.0,14147.433587271122
0.6423668458967409,600000.0,14043.266506950085
0.545923707306478,0.0,16342.451271553207
0.05109624087989706,2400000.0,11402.911161906892
0.05535197992828089,2700000.0,12210.081022033548
0.7043790294229944,1200000.0,12842.146799827542
0.806047322664757,300000.0,15137.626158106925
0.5090388307289672,300000.0,14599.391160576944
0.006673909320310201,900000.0,14933.695578086268
0.5926002133458368,2400000.0,12703.18286732843
0.7992129555394987,600000.0,12383.937853411187
0.9910767093749312,2400000.0,11001.034100078274
0.007826835067134108,1800000.0,12834.080563033494
0.35557302064562146,1500000.0,14591.681937620104
0.9448744840007993,0.0,14307.061375663749
0.9910271692988235,900000.0,12107.514526183933
0.5553822080261819,2100000.0,13600.306606293498
0.39608054007013815,900000.0,14595.996565819984
0.15534011122866787,1200000.0,12272.852352322454
0.30140105135289486,2700000.0,12073.472220747746
0.8466028540562768,0.0,15325.17863929982
0.5978124426154152,1200000.0,13018.748912644198
0.15724144917706895,0.0,17000.965354408276
0.5518008216121921,900000.0,13518.545397543458
0.3428491717305321,2100000.0,11416.727670151065
0.39981920350412725,1500000.0,14077.208943988213
0.10409412795856632,2400000.0,10444.606780057675
0.1472865956276188,300000.0,16861.8645611807
0.5474683454534706,0.0,17442.38014285736
0.20097231502462654,2400000.0,12288.883614617624
0.5062785149217257,1800000.0,13128.751920268931
0.7958841933073398,2700000.0,13190.599147521341
0.5449492907274682,2400000.0,12057.970216003792
0.5497372197655289,2100000.0,12079.980076942806
0.14237656697545864,900000.0,13303.455455201858
0.8542450237461675,2700000.0,10530.451533848849
0.9920881261837721,1800000.0,11257.049879963066
0.6041166032413041,1500000.0,12401.613430984955
0.7437077604388125,1500000.0,10855.21446251869
0.5952026125289913,1200000.0,12898.156527363346
0.8421617706338551,2700000.0,11429.404253358034
0.2480041763049169,1500000.0,12312.486253439003
0.006466697995113124,900000.0,14949.030353363474
0.2584546649269317,300000.0,13770.892630374341
0.5090645142316563,1500000.0,12302.55417280237
0.549374752783574,1800000.0,13128.961437675445
0.9984767432972838,1800000.0,13054.265860384872
0.1919435937423517,1200000.0,11603.743039121982
0.9493219584895354,600000.0,13752.51335081672
0.45173253002668257,2400000.0,9306.353266818382
0.05222184756262127,2400000.0,10558.820103520484
0.15224074013507605,2400000.0,12202.424475484531
0.8597225856010462,600000.0,12531.243492828657
0.5087586146550892,1800000.0,13531.405124456958
0.9922019008146648,1200000.0,12423.898376898771
0.5083035740340581,0.0,13603.222239056362
0.9002721416165022,300000.0,15662.352564111114
0.15421720757804824,1800000.0,13177.822498770716
0.5012779439554023,2100000.0,12937.790733773001
0.5055461838894728,900000.0,13528.09714943007
0.006924078035441705,1500000.0,11926.492532182714
0.0055485765911373885,1800000.0,13088.269381060834
0.6424192755998352,0.0,14826.762511673276
0.5969854093983687,300000.0,15077.208199844887
0.9454260875272433,900000.0,11500.651066704164
0.5998015494947391,0.0,13480.049403935152
0.14405602244741778,900000.0,14620.480337012537
0.7968474197488038,1200000.0,11915.786491288603
0.9521386616836112,300000.0,15708.497257532437
0.8048026155100778,2100000.0,9906.321141111432
0.45233201021352054,2700000.0,12057.64276004539
0.7581708087005145,600000.0,13464.690571335008
0.009367776957672325,1500000.0,10845.34031913255
0.30449256239950917,900000.0,12749.001516700182
0.8585369078032298,300000.0,13852.782854274694
0.9432235371708699,1500000.0,11501.278622174845
0.20098067816229948,1200000.0,12253.913487732505
0.2507362058703886,300000.0,15013.72832155372
0.6424660363931334,2700000.0,13029.030538118042
0.5472500213267163,600000.0,9936.321512590495
0.7581047393156332,300000.0,13950.736339459989
0.5022998064022881,900000.0,12719.157231537618
0.8536186790891209,2700000.0,12511.669253120544
0.051395346544401144,1800000.0,8563.983791664585
0.40187163905777545,0.0,16470.57260546846
0.9960378580152585,300000.0,15599.47475987968
0.8919560098240897,2700000.0,12224.345458109628
0.04336297377067866,2400000.0,11030.560043752239
0.4473780779177109,0.0,15482.366591039683
0.008594101262065168,300000.0,15984.986320352384
0.6959027133186986,1200000.0,14204.691705793555
0.500361177705733,600000.0,14211.779422973625
0.0074920087397427615,2700000.0,10502.276701825736
0.39450504183338786,2100000.0,11344.89065013514
0.20012118192593564,2100000.0,13199.16337014149
0.24758858133655037,2700000.0,13278.755645522811
0.9416780826270833,2700000.0,10530.36820946552
0.6074486434379072,1800000.0,12459.424144967066
0.6905032471233847,1200000.0,12869.162470451907
0.2993251169808173,1800000.0,9682.843491859874
0.8564454503767196,1500000.0,13383.063622839674
0.8407957636856251,1200000.0,11739.060558704248
0.45070708902499546,600000.0,12304.479976174141
0.05339132601338503,900000.0,13099.79341405326
0.6478102547303746,2400000.0,11782.598330989924
0.5947081414582472,300000.0,14091.721722735365
0.9904411930161772,1800000.0,11919.997474332118
0.9572324908047111,900000.0,11651.289252724375
0.5948522411795726,300000.0,12869.627600821763
0.451466644104663,1200000.0,13095.032810724388
0.2520612791683816,1500000.0,9722.648482143737
0.006305005318358203,0.0,17037.45012332059
0.10911127299966905,600000.0,12140.70094299947
0.6508337296500634,900000.0,12388.873051978038
0.257613780444243,1500000.0,11554.258116322266
0.2577618711841676,600000.0,11924.173186020504
0.5541186661306492,0.0,18188.294249349685
0.09548423382996096,600000.0,12975.989759319073
0.9095609945654732,2400000.0,11940.300744590613
0.19798793103464574,600000.0,14653.518607279626
0.14878474161996447,1500000.0,12243.386514488704
0.9922005093805006,2100000.0,12095.34388366294
0.15403638944742126,2700000.0,10680.90026370979
0.048993360522353924,300000.0,16763.64293546405
0.5937797214491067,900000.0,13445.088718845242
0.20664302079214603,1500000.0,11699.39997035577
0.24313152153079198,600000.0,12906.97102794396
0.6016154177773536,1200000.0,12364.701948564823
0.30788972858314456,1800000.0,13931.724545528004
0.8572016243246434,2100000.0,11904.27286606818
0.14388691424423894,2100000.0,13345.413335113266
0.24020793600819212,1200000.0,9534.823731679064
0.6434975881761783,1200000.0,11520.467838176124
0.7943915722468338,2100000.0,11702.326928970344
0.45912950552485465,300000.0,15559.365387026348
0.24172878739921344,0.0,16165.772838094512
0.7546253357924425,1200000.0,12575.715683063669
